{"epochs": 58, "patience_epochs": 20, "best_val_loss": 0.002182664582505822, "best_val_score": 12.748947143554688, "best_epoch": 38, "train_loss_hist": [0.008187753148376942, 0.0052702780812978745, 0.004369816742837429, 0.004134421702474356, 0.003614269895479083, 0.002987931715324521, 0.003074436914175749, 0.003125228453427553, 0.0027222291100770235, 0.0027090779040008783, 0.002869250252842903, 0.0028221202082931995, 0.0027493329253047705, 0.0028236983343958855, 0.002638573758304119, 0.002799077657982707, 0.0026644037570804358, 0.0025506573729217052, 0.0027141226455569267, 0.0025558520574122667, 0.0026244979817420244, 0.00279400497674942, 0.002650459762662649, 0.0024901803117245436, 0.0026119218673557043, 0.0025985382962971926, 0.002648887224495411, 0.002745338249951601, 0.0025401520542800426, 0.0026790881529450417, 0.002590211108326912, 0.0026309844106435776, 0.0026567536406219006, 0.002498600399121642, 0.0026449523866176605, 0.0025865996722131968, 0.0026871112640947104, 0.002587467199191451, 0.0025514496956020594, 0.0026679427828639746, 0.002549469005316496, 0.002772522158920765, 0.0025357173290103674, 0.002573450794443488, 0.0026149903424084187, 0.0025654530618339777, 0.0025323473382741213, 0.0025479323230683804, 0.0024588932283222675, 0.0026776674203574657, 0.00257643754594028, 0.0026075670029968023, 0.0025437360163778067, 0.0026586675085127354, 0.0026182420551776886, 0.002571139018982649, 0.0026820877101272345, 0.002489818260073662], "train_score_hist": [3.3134713172912598, 9.003828048706055, 9.716960906982422, 10.131502151489258, 10.635558128356934, 11.44423770904541, 11.54169750213623, 11.193037033081055, 11.449869155883789, 11.857378005981445, 11.632573127746582, 11.280055046081543, 11.260078430175781, 11.322089195251465, 11.503458023071289, 11.53772258758545, 11.507359504699707, 11.604804039001465, 11.70086669921875, 11.768077850341797, 11.80933666229248, 11.681035995483398, 11.771173477172852, 12.509617805480957, 12.288820266723633, 12.28705883026123, 12.147093772888184, 11.87777042388916, 12.08578872680664, 11.987125396728516, 11.799172401428223, 11.64523983001709, 11.458145141601562, 11.585370063781738, 11.800093650817871, 11.681396484375, 11.831220626831055, 12.054717063903809, 12.17734432220459, 11.916789054870605, 12.201009750366211, 11.980098724365234, 12.249778747558594, 12.027987480163574, 11.915078163146973, 11.938118934631348, 12.152288436889648, 11.817370414733887, 12.233369827270508, 12.189769744873047, 12.153855323791504, 12.076506614685059, 12.132040023803711, 11.861701965332031, 11.734430313110352, 11.70700740814209, 12.08077335357666, 12.25761604309082], "val_loss_hist": [0.003698003012686968, 0.0035275607369840145, 0.0030509086791425943, 0.0031064085196703672, 0.0027699056081473827, 0.0025314567610621452, 0.0024293733295053244, 0.002356859389692545, 0.002368323039263487, 0.0022559170611202717, 0.0023157461546361446, 0.002266945317387581, 0.0022628530859947205, 0.0022370615042746067, 0.002252840669825673, 0.002208587946370244, 0.002219818066805601, 0.002288245363160968, 0.0022465065121650696, 0.0022133563179522753, 0.002205201191827655, 0.0022175421472638845, 0.0022615306079387665, 0.0021978081203997135, 0.0022048698738217354, 0.002192514017224312, 0.002194412285462022, 0.0022077506873756647, 0.0022477901075035334, 0.0021900860592722893, 0.0022200685925781727, 0.002199903130531311, 0.002182803815230727, 0.0022075411397963762, 0.0021963149774819613, 0.002229368779808283, 0.002264883369207382, 0.002182664582505822, 0.002223032061010599, 0.0021854396909475327, 0.0021830257028341293, 0.0023105298168957233, 0.002254927298054099, 0.0021799642127007246, 0.0021876906976103783, 0.0022466806694865227, 0.002193378284573555, 0.002206809353083372, 0.0022584893740713596, 0.0022217403165996075, 0.002180913696065545, 0.002182599389925599, 0.0021884471643716097, 0.002215531188994646, 0.002178751863539219, 0.002177517395466566, 0.00218622456304729, 0.0022179847583174706], "val_score_hist": [8.680161476135254, 10.354979515075684, 10.684104919433594, 11.198452949523926, 11.066899299621582, 10.745220184326172, 11.431081771850586, 10.950824737548828, 11.523706436157227, 12.112479209899902, 11.99111557006836, 11.505550384521484, 12.070509910583496, 11.45317554473877, 10.396180152893066, 11.788472175598145, 11.781867027282715, 12.28287124633789, 11.989006996154785, 12.082064628601074, 12.072593688964844, 11.519024848937988, 12.092004776000977, 12.697684288024902, 12.70148754119873, 12.245641708374023, 12.025765419006348, 12.18233871459961, 11.869093894958496, 12.168375015258789, 11.655354499816895, 11.516066551208496, 11.582463264465332, 12.289169311523438, 12.397483825683594, 12.406956672668457, 11.21764087677002, 12.748947143554688, 12.007253646850586, 12.518904685974121, 12.048700332641602, 11.921956062316895, 11.045886039733887, 11.641083717346191, 11.492818832397461, 12.508468627929688, 12.617110252380371, 12.258137702941895, 11.856525421142578, 12.662543296813965, 12.254354476928711, 12.528846740722656, 12.268410682678223, 12.39038372039795, 12.178871154785156, 12.12813663482666, 12.384556770324707, 11.452584266662598]}