{
    "epochs": 9,
    "patience_epochs": 0,
    "best_val_loss": NaN,
    "best_val_score": NaN,
    "best_epoch": 9,
    "train_loss_hist": [
        0.00313192093744874,
        0.0022121199872344732,
        0.0022513193544000387,
        0.0021752691827714443,
        0.002164152218028903,
        0.0031728472094982862,
        NaN,
        NaN,
        NaN
    ],
    "train_score_hist": [
        9.59485149383545,
        11.234562873840332,
        11.165319442749023,
        11.663928031921387,
        11.821854591369629,
        10.37279987335205,
        NaN,
        NaN,
        NaN
    ],
    "val_loss_hist": [
        0.002217001747339964,
        0.002045999513939023,
        0.00201955484226346,
        0.0020033936016261578,
        0.0020137510728091,
        0.0022080084308981895,
        NaN,
        NaN,
        NaN
    ],
    "val_score_hist": [
        11.71243953704834,
        11.712051391601562,
        12.217613220214844,
        10.805512428283691,
        11.957829475402832,
        11.521927833557129,
        NaN,
        NaN,
        NaN
    ]
}