{
    "stoi": 0.7965773940086365,
    "pesq": 2.684149742126465
}