{
    "si-sdr": 7.147454261779785,
    "stoi": 0.8639175891876221,
    "pesq": 1.955688238143921
}