{
    "si-sdr": 5.166720390319824,
    "stoi": 0.7833255529403687,
    "pesq": 2.8942975997924805
}