{"mse": 0.011223615147173405, "si-snr": 7.803930282592773}