{"mse": 0.011375539004802704, "si-snr": 7.736898422241211}