{"mse": 0.011312778107821941, "si-snr": 7.722766399383545, "si-snr (after gla)": 7.9502077081190325}