{"epochs": 51, "patience_epochs": 9, "best_val_loss": 0.0159272663295269, "best_val_score": 11.541610717773438, "best_epoch": 42, "train_loss_hist": [0.0306272953748703, 0.021565940231084824, 0.020190605893731117, 0.01867540180683136, 0.017831744626164436, 0.016278356313705444, 0.016051745042204857, 0.016407666727900505, 0.015299078077077866, 0.015202855691313744, 0.014994543977081776, 0.015083364211022854, 0.01521538570523262, 0.014926256611943245, 0.014807827770709991, 0.014771804213523865, 0.014814389869570732, 0.014637709595263004, 0.014581575058400631, 0.014579065144062042, 0.014610914513468742, 0.014498825185000896, 0.014589796774089336, 0.014452451840043068, 0.014482631348073483, 0.014422562904655933, 0.01444199401885271, 0.014398285187780857, 0.014370867982506752, 0.014382568188011646, 0.014340801164507866, 0.014471168629825115, 0.014319658279418945, 0.014348000288009644, 0.014306027442216873, 0.014313025400042534, 0.014287370257079601, 0.0142933065071702, 0.014267287217080593, 0.014315635897219181, 0.01424888800829649, 0.014224640093743801, 0.014400056563317776, 0.014225246384739876, 0.01421117503196001, 0.014227206818759441, 0.014228252694010735, 0.014185521751642227, 0.01426580548286438, 0.01418173499405384, 0.014169927686452866], "train_score_hist": [0.3789142370223999, 1.5380734205245972, 2.211541175842285, 3.4336366653442383, 4.613501071929932, 6.328393936157227, 6.947050094604492, 6.799160480499268, 8.313800811767578, 8.55142879486084, 8.989880561828613, 8.927502632141113, 8.64885425567627, 9.229715347290039, 9.59254264831543, 9.696248054504395, 9.632850646972656, 10.013898849487305, 10.197237014770508, 10.221732139587402, 10.105567932128906, 10.436014175415039, 10.293621063232422, 10.493990898132324, 10.478291511535645, 10.612334251403809, 10.569398880004883, 10.672727584838867, 10.699289321899414, 10.694746971130371, 10.795880317687988, 10.435685157775879, 10.833943367004395, 10.801745414733887, 10.863576889038086, 10.867148399353027, 10.898890495300293, 10.848226547241211, 10.942500114440918, 10.791741371154785, 10.991910934448242, 11.013541221618652, 10.621330261230469, 11.00049877166748, 11.055519104003906, 11.021021842956543, 11.013137817382812, 11.120418548583984, 10.960074424743652, 11.048965454101562, 11.134142875671387], "val_loss_hist": [0.02470114827156067, 0.02551313489675522, 0.022705424576997757, 0.019058851525187492, 0.02232297509908676, 0.017784709110856056, 0.018353423103690147, 0.018749332055449486, 0.017025314271450043, 0.016225498169660568, 0.016192512586712837, 0.0168805792927742, 0.015934014692902565, 0.017036499455571175, 0.01718679815530777, 0.016540301963686943, 0.01637790910899639, 0.015912773087620735, 0.015721185132861137, 0.0160199124366045, 0.015432935208082199, 0.016226021572947502, 0.01627519726753235, 0.017029255628585815, 0.015042819082736969, 0.016186488792300224, 0.0162662323564291, 0.016352446749806404, 0.01659993827342987, 0.015813948586583138, 0.015607844106853008, 0.0169981699436903, 0.015651440247893333, 0.016663933172822, 0.015442483127117157, 0.016017615795135498, 0.01574154943227768, 0.015776069834828377, 0.0164133720099926, 0.01723673567175865, 0.01600898616015911, 0.0159272663295269, 0.01540981512516737, 0.015630701556801796, 0.015215069986879826, 0.015454237349331379, 0.015341977588832378, 0.01583566702902317, 0.016403909772634506, 0.015910636633634567, 0.015879394486546516], "val_score_hist": [5.143152713775635, 5.7530598640441895, 5.009907245635986, 7.331024646759033, 6.0896453857421875, 8.741837501525879, 6.53300142288208, 8.65034294128418, 9.208479881286621, 9.981735229492188, 10.281143188476562, 9.495762825012207, 10.251317977905273, 9.754874229431152, 9.35705280303955, 9.785436630249023, 9.946756362915039, 10.090373992919922, 10.848562240600586, 9.96745777130127, 10.629060745239258, 9.796659469604492, 10.507040977478027, 10.487603187561035, 11.26597785949707, 10.617450714111328, 10.900895118713379, 10.624954223632812, 10.52601432800293, 10.921844482421875, 11.00943374633789, 10.739649772644043, 11.311346054077148, 10.91080379486084, 10.730599403381348, 10.870765686035156, 11.380935668945312, 11.248490333557129, 10.717801094055176, 11.223731994628906, 11.284743309020996, 11.541610717773438, 11.312762260437012, 11.222355842590332, 11.265018463134766, 11.442888259887695, 11.256260871887207, 11.361184120178223, 11.134746551513672, 11.318007469177246, 11.405689239501953]}