{
    "mse": 0.002036063466221094,
    "si-sdr": 12.117288589477539,
    "si-sdr (after gla)": 11.31493026387875
}