{
    "mse": 0.002036063466221094,
    "si-snr": 12.117288589477539,
    "si-snr (after gla)": 11.31493026387875
}