{"mse": 0.0020491008181124926, "si-ssnr": 12.178642272949219}