{"mse": 0.0020347172394394875, "si-snr": 12.081932067871094, "si-snr (after gla)": 11.307128157589812}