{
    "epochs": 14,
    "patience_epochs": 2,
    "best_epoch": 12,
    "best_epoch_scores": {
        "loss": 0.0032875563483685255,
        "si-sdr": 14.211342811584473
    },
    "train_hist": {
        "loss": [
            0.004528589081019163,
            0.0034471291583031416,
            0.003278464777395129,
            0.0032240315340459347,
            0.0031825413461774588,
            0.003131675999611616,
            0.0031235734932124615,
            0.0031182151287794113,
            0.0031124656088650227,
            0.0030964980833232403,
            0.003092934377491474,
            0.0030911914072930813,
            0.0030905501917004585,
            0.0030819305684417486
        ],
        "si-sdr": [
            11.473884582519531,
            13.031076431274414,
            13.620695114135742,
            13.891890525817871,
            14.100276947021484,
            14.305861473083496,
            14.368814468383789,
            14.412581443786621,
            14.452234268188477,
            14.53024673461914,
            14.551026344299316,
            14.56740951538086,
            14.582326889038086,
            14.620857238769531
        ]
    },
    "val_hist": {
        "loss": [
            0.003514653304591775,
            0.003371038008481264,
            0.003305929945781827,
            0.0033383069094270468,
            0.003299733391031623,
            0.003300021169707179,
            0.0032845591194927692,
            0.0032810659613460302,
            0.003286648541688919,
            0.003304106183350086,
            0.003276978386566043,
            0.0032875563483685255,
            0.003303281730040908,
            0.0032694856636226177
        ],
        "si-sdr": [
            12.692499160766602,
            13.21619987487793,
            13.705657958984375,
            13.8336820602417,
            14.008550643920898,
            14.01132583618164,
            14.115478515625,
            14.094039916992188,
            14.092453956604004,
            14.150891304016113,
            14.19179630279541,
            14.211342811584473,
            14.17839527130127,
            14.210128784179688
        ]
    }
}