{
    "si-sdr": 5.317523002624512,
    "stoi": 0.7781587839126587,
    "pesq": 2.7916345596313477
}