{
    "si-sdr": 7.332218170166016,
    "stoi": 0.8879174590110779,
    "pesq": 1.9733606576919556
}