{"mse": 0.0018983043264597654, "si-snr": 12.393688201904297}