{"epochs": 57, "patience_epochs": 15, "best_val_loss": 0.0022274008269754044, "best_val_score": 12.921651476061385, "best_epoch": 42, "train_loss_hist": [0.009955552965867184, 0.005109894094002484, 0.006253572147942192, 0.005538324136451589, 0.006215397011014283, 0.005546347560987213, 0.0039938279261668925, 0.005190092196601631, 0.004540845820867075, 0.003937627621303145, 0.004399284272207999, 0.0038568183867594167, 0.00423127436163953, 0.0034019458138546403, 0.004046620202780508, 0.003222436362553354, 0.003379230959788835, 0.003467414641492546, 0.0034891786545531486, 0.003299391557214121, 0.003141570373152623, 0.0034058183722185595, 0.0028825415585009124, 0.00288493182443474, 0.0030499810506391277, 0.0028907333675538384, 0.0029221481109034638, 0.0030175858473364906, 0.0029299419365567984, 0.0031036564054194226, 0.0025733544369798958, 0.0026793593433691205, 0.0023244552218645376, 0.002932302832906211, 0.0028238388171467127, 0.002993286074601169, 0.0032571764995599243, 0.002625470990187939, 0.0030033971682527556, 0.0024968418803226144, 0.003236411637883107, 0.002749269702591759, 0.0029076597995901852, 0.002667342813239636, 0.0026738491463736305, 0.002545696083078995, 0.002738479824451902, 0.00242045674754763, 0.002552368591946094, 0.0026266663107634776, 0.002956410068740067, 0.0026154170634578133, 0.0025603137279124875, 0.002837239487646598, 0.00275081323161826, 0.0028682590253438687, 0.0026599580355321263], "train_score_hist": [-1.3198861271423725, 7.202263820442552, 6.267549198864838, 7.621708767184894, 6.623835703729237, 7.5714174184924286, 8.835218169108712, 8.49926450651401, 8.251864429638989, 10.317613506500434, 10.661821161005344, 10.48237746422855, 11.200047051175723, 11.25541790661888, 11.741252221900956, 11.639204681159729, 11.356090598251564, 11.388737737258658, 11.84924004650882, 12.312747768487004, 11.845233231609447, 11.799851547607894, 12.10996906701584, 12.030716240917517, 12.419470625585813, 12.461493430891114, 11.945397910127975, 11.926307552116311, 12.084959603183218, 11.809546761274516, 12.165322816714866, 12.44809206458127, 12.438708887575906, 12.607234424139115, 11.954757648978418, 11.876398279150624, 11.854232859608524, 12.454059871205894, 11.696634351312607, 12.562157786875527, 12.407848175471067, 12.370768555542448, 12.019879477946958, 12.316060070474162, 12.223173624214416, 12.498522027281673, 11.948811180535571, 11.83130332867012, 12.307931973633002, 12.069752621449927, 12.31669783045741, 12.755453777243094, 12.591941159327032, 12.444780741782553, 12.778011074334495, 11.735858002242841, 11.708562382685926], "val_loss_hist": [0.00721972302629226, 0.004385920333053242, 0.0040092827366704645, 0.0035828939206554505, 0.0038557965784052485, 0.0036269796249176296, 0.003211254791479301, 0.0031055463526839353, 0.0033710636754260928, 0.0029593220940719997, 0.002846627403714213, 0.0029317361227039146, 0.003044896124151529, 0.002823833933577552, 0.0030981870348108145, 0.002725939887625038, 0.0026329011299203215, 0.0026194617880361047, 0.0026163800537410665, 0.0026424472047361608, 0.0026333601820923667, 0.002745757399807216, 0.002454524627309667, 0.0024539970832656226, 0.002455756987960606, 0.002401906405625228, 0.0023743279770580116, 0.0023558563238014188, 0.0023621755396424134, 0.00237942197120207, 0.002261238963681342, 0.0023070400721855334, 0.002242116730214278, 0.002255826596439065, 0.0022697479074515934, 0.0022952021896531123, 0.0022626376345278336, 0.0022703899271894782, 0.0022836630230232634, 0.0022317971049088652, 0.00253325961717382, 0.0022274008269754044, 0.0022307902154510475, 0.0022565372335972755, 0.0022171634529306638, 0.0022477901645410366, 0.0022508215049515277, 0.002307109550699948, 0.0022270014048497437, 0.0022086591710500383, 0.0022238592531902425, 0.0022435793719031566, 0.002233077703458298, 0.002242698186529067, 0.0022760396281425333, 0.0022864113621216976, 0.0022292250526471306], "val_score_hist": [7.437835658245917, 7.543840978221988, 7.6068094007100955, 7.521175338780746, 6.509844813010676, 8.471231747988998, 9.921051453025912, 8.382085039238502, 9.462520368844366, 10.555093253896693, 12.015534950006595, 11.652178255705826, 12.07923851099723, 11.881949702186864, 12.040481981080806, 11.975496238547946, 11.526144663011321, 12.098796652800708, 12.669635104451325, 12.128484718697624, 12.422832816973854, 12.508154115664897, 12.24392595031017, 12.473932089214284, 12.660034087710711, 12.536613622675924, 12.709388061999194, 12.336687282256635, 12.099030346827007, 11.538553062040997, 12.246078676551745, 12.139618095665062, 12.531634680524094, 12.426380936523726, 12.244514976627162, 12.191026295316398, 12.357968148381254, 12.372199485275619, 12.451402859096698, 12.600002050466612, 12.61575095457683, 12.921651476061385, 12.79097689952916, 12.527786058599336, 12.635383258915882, 12.341019301837479, 10.97169407424625, 12.181654098459319, 12.371502925192585, 12.777297373239364, 12.85121430112648, 12.734508912282168, 12.746138660042128, 12.795032564622343, 12.06441304393305, 10.86006218341926, 11.908886485354392]}