{
    "si-sdr": 5.142063617706299,
    "stoi": 0.7884453535079956,
    "pesq": 2.9252970218658447
}