{"mse": 0.001964323688298464, "si-snr": 12.299409866333008, "si-snr (after gla)": 11.532249078980756}