{"mse": 0.0019787419587373734, "si-snr": 12.352546691894531}