{"epochs": 63, "patience_epochs": 20, "best_val_loss": 0.0023007337003946304, "best_val_score": 13.180432319641113, "best_epoch": 43, "train_loss_hist": [0.009541122242808342, 0.004809373989701271, 0.0046361470595002174, 0.004328407812863588, 0.0035986655857414007, 0.003496475052088499, 0.0032091212924569845, 0.0030139696318656206, 0.0029297315049916506, 0.002880902262404561, 0.002759544411674142, 0.002715971088036895, 0.0027409412432461977, 0.0027304724790155888, 0.002847330179065466, 0.0027073617093265057, 0.0027520328294485807, 0.002814943203702569, 0.0027941635344177485, 0.002753263106569648, 0.0027129959780722857, 0.002675596857443452, 0.0027095454279333353, 0.002828809665516019, 0.0027849064208567142, 0.0026299809105694294, 0.0026573396753519773, 0.0025980952195823193, 0.002858039690181613, 0.0026125931181013584, 0.002656835364177823, 0.002679252065718174, 0.0025929210241883993, 0.0027127154171466827, 0.0027099158614873886, 0.002654939889907837, 0.0026692363899201155, 0.0027064825408160686, 0.002719275886192918, 0.002712251851335168, 0.002831839257851243, 0.0025405397173017263, 0.0026946724392473698, 0.0026248767971992493, 0.002614360535517335, 0.0026232388336211443, 0.0025548217818140984, 0.0026483936235308647, 0.002665479900315404, 0.002684487961232662, 0.0027250659186393023, 0.0026516783982515335, 0.0026468189898878336, 0.002687630243599415, 0.0026463696267455816, 0.0027088874485343695, 0.002601471496745944, 0.0025090042036026716, 0.0028381715528666973, 0.0027059190906584263, 0.002807713346555829, 0.0028066448867321014, 0.0026108785532414913], "train_score_hist": [2.913724899291992, 6.2541184425354, 7.189396381378174, 9.065607070922852, 10.209879875183105, 10.67745304107666, 11.403985977172852, 12.172419548034668, 12.617698669433594, 12.369985580444336, 12.427726745605469, 12.232075691223145, 11.75272274017334, 12.042105674743652, 11.994882583618164, 12.294656753540039, 12.377633094787598, 12.523920059204102, 12.560303688049316, 12.465105056762695, 12.430120468139648, 12.294028282165527, 12.364541053771973, 12.648735046386719, 12.396614074707031, 12.574845314025879, 12.607992172241211, 12.306025505065918, 12.300332069396973, 12.18690299987793, 12.51158618927002, 12.703169822692871, 12.699051856994629, 12.53709602355957, 12.432255744934082, 12.335599899291992, 12.26248550415039, 12.634194374084473, 12.497793197631836, 12.465555191040039, 12.304610252380371, 12.194812774658203, 12.725872039794922, 12.713093757629395, 12.399348258972168, 12.290335655212402, 11.86560344696045, 11.977876663208008, 11.71373176574707, 11.72182846069336, 12.336398124694824, 12.31146240234375, 12.59864616394043, 12.161503791809082, 11.660983085632324, 12.529951095581055, 12.63785457611084, 12.812868118286133, 12.55446720123291, 12.699080467224121, 12.462706565856934, 12.390389442443848, 12.5083589553833], "val_loss_hist": [0.0045028734020888805, 0.0034897143486887217, 0.003321698633953929, 0.0028578315395861864, 0.00297015393152833, 0.0026648647617548704, 0.002588999690487981, 0.002451802371069789, 0.0024076488334685564, 0.0023190146312117577, 0.002371944719925523, 0.0022712089121341705, 0.0023631274234503508, 0.002296681283041835, 0.002313073491677642, 0.0022799591533839703, 0.0023612354416400194, 0.0022607343271374702, 0.0022673336789011955, 0.0022793614771217108, 0.0022530800197273493, 0.002257432322949171, 0.002256538951769471, 0.002289466094225645, 0.0023255159612745047, 0.002275613835081458, 0.002292514778673649, 0.0022517486941069365, 0.0022711819037795067, 0.00227765622548759, 0.0022759241983294487, 0.002295509912073612, 0.002345119370147586, 0.0022821167949587107, 0.002241973066702485, 0.0022680973634123802, 0.0022992175072431564, 0.0023512463085353374, 0.0022894260473549366, 0.0023215366527438164, 0.0022736384999006987, 0.0023093819618225098, 0.0023007337003946304, 0.0023512430489063263, 0.0022782781161367893, 0.002271689008921385, 0.0022667685989290476, 0.0022607319988310337, 0.002245006849989295, 0.0022599129006266594, 0.0023097959347069263, 0.00230063172057271, 0.00225052610039711, 0.002277072286233306, 0.0022723525762557983, 0.002259420230984688, 0.002250896068289876, 0.0022580502554774284, 0.0023153938818722963, 0.0022663145791739225, 0.0022782350424677134, 0.0022664987482130527, 0.002265361836180091], "val_score_hist": [4.6256279945373535, 8.22066593170166, 8.575657844543457, 10.097511291503906, 11.064905166625977, 11.442015647888184, 12.209979057312012, 12.725513458251953, 12.563788414001465, 12.84185791015625, 12.417405128479004, 12.202916145324707, 11.982715606689453, 12.299385070800781, 12.595571517944336, 12.95837116241455, 12.201716423034668, 12.293526649475098, 12.798383712768555, 12.836821556091309, 11.651223182678223, 12.209549903869629, 12.479410171508789, 12.755721092224121, 12.369389533996582, 12.48255729675293, 11.866226196289062, 12.436654090881348, 12.39549732208252, 11.49036693572998, 12.792943954467773, 12.832380294799805, 13.058162689208984, 12.296598434448242, 12.827034950256348, 12.84974479675293, 12.760344505310059, 12.730856895446777, 13.10824966430664, 12.466536521911621, 12.736898422241211, 12.54417896270752, 13.180432319641113, 12.786319732666016, 12.327142715454102, 11.678338050842285, 12.187396049499512, 12.179520606994629, 11.919184684753418, 12.068485260009766, 12.939030647277832, 12.056242942810059, 12.510298728942871, 11.67725658416748, 12.477996826171875, 12.910240173339844, 12.451529502868652, 12.65580940246582, 13.096962928771973, 13.083473205566406, 13.022584915161133, 12.52187442779541, 12.410340309143066]}