{
    "epochs": 15,
    "patience_epochs": 4,
    "best_epoch": 11,
    "best_epoch_scores": {
        "loss": 0.04174433648586273,
        "si-sdr": 14.296457290649414
    },
    "train_hist": {
        "loss": [
            0.057474903762340546,
            0.048104021698236465,
            0.045099347829818726,
            0.045351799577474594,
            0.04451671615242958,
            0.04268684610724449,
            0.0430418998003006,
            0.04324915260076523,
            0.0428253673017025,
            0.04165042191743851,
            0.0416751354932785,
            0.04179850593209267,
            0.04179121553897858,
            0.04129093140363693,
            0.0411762110888958
        ],
        "si-sdr": [
            11.664064407348633,
            12.83410930633545,
            13.326342582702637,
            13.416759490966797,
            13.742815017700195,
            14.101390838623047,
            14.032525062561035,
            14.088830947875977,
            14.203944206237793,
            14.433183670043945,
            14.450356483459473,
            14.471564292907715,
            14.489822387695312,
            14.562440872192383,
            14.610201835632324
        ]
    },
    "val_hist": {
        "loss": [
            0.046509750187397,
            0.042714834213256836,
            0.04396459460258484,
            0.04366868734359741,
            0.04255084693431854,
            0.0418940894305706,
            0.048523787409067154,
            0.04223186895251274,
            0.04207174852490425,
            0.042916152626276016,
            0.04174433648586273,
            0.04321422800421715,
            0.04311101883649826,
            0.04188190773129463,
            0.04206965118646622
        ],
        "si-sdr": [
            12.82209300994873,
            13.278576850891113,
            13.650545120239258,
            13.649890899658203,
            13.832385063171387,
            14.018193244934082,
            13.403802871704102,
            14.067197799682617,
            14.189143180847168,
            14.265292167663574,
            14.296457290649414,
            14.105521202087402,
            14.227850914001465,
            14.250462532043457,
            14.286529541015625
        ]
    }
}