{
    "epochs": 42,
    "patience_epochs": 3,
    "best_epoch": 39,
    "best_epoch_scores": {
        "loss": 0.041718266904354095,
        "si-sdr": 14.413134574890137
    },
    "train_hist": {
        "loss": [
            0.057474903762340546,
            0.048104021698236465,
            0.045099347829818726,
            0.045351799577474594,
            0.04451671615242958,
            0.04268684610724449,
            0.0430418998003006,
            0.04324915260076523,
            0.0428253673017025,
            0.04165042191743851,
            0.0416751354932785,
            0.04179850593209267,
            0.04179121553897858,
            0.04129093140363693,
            0.0411762110888958,
            0.04123498499393463,
            0.04133009538054466,
            0.04110291972756386,
            0.041034478694200516,
            0.04101933166384697,
            0.04105887934565544,
            0.04088142141699791,
            0.040886759757995605,
            0.04084497317671776,
            0.040934931486845016,
            0.04083127900958061,
            0.04087354987859726,
            0.040885329246520996,
            0.040857937186956406,
            0.04085496440529823,
            0.040885794907808304,
            0.040828634053468704,
            0.04089050367474556,
            0.04088215157389641,
            0.04087705537676811,
            0.04085158929228783,
            0.04087439924478531,
            0.040850359946489334,
            0.040837954729795456,
            0.04085879772901535,
            0.040844596922397614,
            0.04086406156420708
        ],
        "si-sdr": [
            11.664064407348633,
            12.83410930633545,
            13.326342582702637,
            13.416759490966797,
            13.742815017700195,
            14.101390838623047,
            14.032525062561035,
            14.088830947875977,
            14.203944206237793,
            14.433183670043945,
            14.450356483459473,
            14.471564292907715,
            14.489822387695312,
            14.562440872192383,
            14.610201835632324,
            14.621959686279297,
            14.623580932617188,
            14.65788745880127,
            14.66788101196289,
            14.679015159606934,
            14.681989669799805,
            14.701857566833496,
            14.705065727233887,
            14.711563110351562,
            14.709357261657715,
            14.724026679992676,
            14.720952033996582,
            14.719586372375488,
            14.725728034973145,
            14.729127883911133,
            14.727242469787598,
            14.729272842407227,
            14.728177070617676,
            14.72967529296875,
            14.730874061584473,
            14.73145866394043,
            14.73116397857666,
            14.7311372756958,
            14.735692024230957,
            14.731475830078125,
            14.733804702758789,
            14.731602668762207
        ]
    },
    "val_hist": {
        "loss": [
            0.046509750187397,
            0.042714834213256836,
            0.04396459460258484,
            0.04366868734359741,
            0.04255084693431854,
            0.0418940894305706,
            0.048523787409067154,
            0.04223186895251274,
            0.04207174852490425,
            0.042916152626276016,
            0.04174433648586273,
            0.04321422800421715,
            0.04311101883649826,
            0.04188190773129463,
            0.04206965118646622,
            0.042511243373155594,
            0.04227152466773987,
            0.04262879118323326,
            0.04213416576385498,
            0.04177727550268173,
            0.041808757930994034,
            0.04202498495578766,
            0.04180463030934334,
            0.04181383550167084,
            0.04164840653538704,
            0.04174670949578285,
            0.04167449101805687,
            0.04184401035308838,
            0.041901662945747375,
            0.041733529418706894,
            0.041745901107788086,
            0.04167681559920311,
            0.04184792563319206,
            0.04166073724627495,
            0.041681356728076935,
            0.041744135320186615,
            0.041773322969675064,
            0.04193258658051491,
            0.041718266904354095,
            0.0417192280292511,
            0.041737958788871765,
            0.04170127213001251
        ],
        "si-sdr": [
            12.82209300994873,
            13.278576850891113,
            13.650545120239258,
            13.649890899658203,
            13.832385063171387,
            14.018193244934082,
            13.403802871704102,
            14.067197799682617,
            14.189143180847168,
            14.265292167663574,
            14.296457290649414,
            14.105521202087402,
            14.227850914001465,
            14.250462532043457,
            14.286529541015625,
            14.334310531616211,
            14.363526344299316,
            14.221539497375488,
            14.2476806640625,
            14.342325210571289,
            14.32178783416748,
            14.355396270751953,
            14.375883102416992,
            14.405191421508789,
            14.403348922729492,
            14.368383407592773,
            14.389299392700195,
            14.408981323242188,
            14.343780517578125,
            14.373645782470703,
            14.400287628173828,
            14.410649299621582,
            14.37047290802002,
            14.40040397644043,
            14.391203880310059,
            14.33253288269043,
            14.393298149108887,
            14.360501289367676,
            14.413134574890137,
            14.394582748413086,
            14.37362003326416,
            14.395681381225586
        ]
    }
}