{"mse": 0.11466024070978165, "ssnr": 1.1017829179763794}