{"mse": 0.11466024070978165, "si-snr": 1.1017829179763794}