{"epochs": 28, "patience_epochs": 3, "best_val_loss": -4.63050448724238, "best_val_score": 4.63050447425923, "best_epoch": 25, "train_loss_hist": [-1.171723491687298, -2.0972525347566386, -2.756098623702199, -3.089044126694918, -3.2809922130076927, -3.4467976275669905, -3.56473267842196, -3.6604613814670057, -3.750255459173146, -3.8467651849195237, -3.910989800760083, -3.9863932643959687, -4.063159396286578, -4.102856276258914, -4.132555323954365, -4.217362673081998, -4.2977863677731785, -4.331543011675566, -4.386493479650801, -4.464723186801634, -4.514939146290901, -4.560433982425662, -4.596770293529392, -4.665122354092121, -4.681576883280332, -4.7588113608370355, -4.806599325138292, -4.802775221117464], "val_loss_hist": [-1.5432987218326701, -2.2942162619449746, -2.948440375851869, -3.0589442679791454, -3.189428713361826, -3.3594586505191053, -3.561620777735152, -3.5349564633325326, -3.6784063687218627, -3.659557009538885, -3.943532898389257, -3.274415630344007, -2.9037945130952245, -3.509580172835962, -4.006284595346313, -4.113770132928658, -4.242993333228558, -3.992858970877587, -3.8500666044220355, -4.4116579728739564, -4.472732006046482, -4.326085559187491, -4.52836363791203, -4.02117579363977, -4.63050448724238, -4.36450663953165, -4.615695913916325, -4.438022597835893], "val_score_hist": [1.543298708548784, 2.2942162608037653, 2.948440473734102, 3.0589443182694387, 3.189428793874292, 3.3594586011828356, 3.5616207899463066, 3.5349564191432306, 3.6784063983262754, 3.6595569746052563, 3.94353283407458, 3.2744156027971494, 2.9037945416916457, 3.509580130641423, 4.006284609353941, 4.113770100875331, 4.242993320505512, 3.992858962829699, 3.8500665650833783, 4.411658022819161, 4.4727320907682815, 4.326085616894513, 4.5283636854379266, 4.021175775701211, 4.63050447425923, 4.3645066195303075, 4.615695951171357, 4.438022580892803]}