{
    "epochs": 17,
    "patience_epochs": 1,
    "best_epoch": 16,
    "best_epoch_scores": {
        "loss": 0.0033346761483699083,
        "si-sdr": 13.710365295410156
    },
    "train_hist": {
        "loss": [
            0.0051,
            0.0036,
            0.0034,
            0.0033104417379945517,
            0.0032672586385160685,
            0.0032210289500653744,
            0.0032140857074409723,
            0.003209504997357726,
            0.0032065645791590214,
            0.0031903551425784826,
            0.0031881637405604124,
            0.003186166053637862,
            0.0031851199455559254,
            0.003178167622536421,
            0.0031771555077284575,
            0.003176076104864478,
            0.0031756889075040817
        ],
        "si-sdr": [
            10.8102,
            12.3917,
            13.019,
            13.2504243850708,
            13.400425910949707,
            13.558050155639648,
            13.599106788635254,
            13.630560874938965,
            13.660027503967285,
            13.729509353637695,
            13.738075256347656,
            13.756207466125488,
            13.768149375915527,
            13.792487144470215,
            13.804909706115723,
            13.81091594696045,
            13.816540718078613
        ]
    },
    "val_hist": {
        "loss": [
            0.0037,
            0.0034,
            0.0034,
            0.003354140557348728,
            0.0033740787766873837,
            0.0033481421414762735,
            0.00337916798889637,
            0.0033260565251111984,
            0.003400699235498905,
            0.0033194178249686956,
            0.003330609295517206,
            0.003314642934128642,
            0.00332151772454381,
            0.003321669530123472,
            0.003336154855787754,
            0.0033346761483699083,
            0.003308652201667428
        ],
        "si-sdr": [
            11.1865,
            12.7826,
            13.1601,
            13.325712203979492,
            13.301531791687012,
            13.546529769897461,
            13.5820894241333,
            13.579032897949219,
            13.583356857299805,
            13.600191116333008,
            13.643203735351562,
            13.642952919006348,
            13.637397766113281,
            13.661632537841797,
            13.699905395507812,
            13.710365295410156,
            13.694952011108398
        ]
    }
}