{
    "stoi": 0.7999482750892639,
    "pesq": 3.4843783378601074
}