{"epochs": 8, "patience_epochs": 0, "best_val_loss": 1.2789207192727883, "best_val_score": 0.9049654118872414, "best_epoch": 8, "train_loss_hist": [1.8834884510919614, 1.7026524443347277, 1.6198029915276442, 1.552649196920596, 1.4861257511161476, 1.4108636861525055, 1.3572732126757832, 1.3132059993775038, 1.2633633514914926], "val_loss_hist": [1.8977353950351699, 1.6776341362527751, 1.588573455468364, 1.5183180688622055, 1.4601761443958756, 1.412899913397669, 1.3831442278435506, 1.2811658328630817, 1.2789207192727883], "val_score_hist": [-2.546893542437008, -1.6781168136787026, -1.1222695669688942, -0.6838454395068339, -0.2993337862970394, 0.03854557852570859, 0.3991387109335266, 0.8183637815373738, 0.9049654118872414]}