{"epochs": 88, "patience_epochs": 5, "best_val_loss": 72.7525244829984, "best_val_score": 4.4305038279252695, "best_epoch": 83, "train_loss_hist": [179.2967925356975, 164.3166405050799, 154.64492796262545, 144.84515259108878, 135.72612912340438, 129.1572236115901, 123.99878991373421, 119.34471598429104, 114.844538963397, 111.79957738425786, 108.1173869286642, 104.7541124207088, 103.41918097737336, 101.5618945020975, 98.46417362264428, 97.27513442994108, 95.95369621988205, 93.66876607414272, 92.47676327589006, 91.15223982939713, 90.1646055127451, 88.8314683136783, 87.55202345584999, 86.30003898325887, 85.67445335165638, 85.13150163434194, 85.59096150542867, 83.3353334799367, 82.60088550615657, 82.83574791300175, 81.5240233816297, 81.2672935711499, 80.16847923430632, 80.55529609304823, 78.82460488032159, 78.97368674595278, 78.29671944386118, 78.06125935782691, 77.79254249593832, 76.56958203616176, 77.10252300285578, 76.46590603061514, 76.3361136331653, 75.96344603003406, 75.4364883351158, 74.78314650483304, 74.53419460338613, 73.91091589839684, 74.38813383559174, 73.23370755912237, 73.46366940149946, 73.07983912486951, 72.50691410876088, 72.27752956896443, 71.93155514187616, 71.8993839041959, 71.34838073194108, 70.73465467929572, 69.65082884196838, 69.54005327619913, 69.29335082108791, 68.96488464636253, 68.86254533754337, 68.84128178892179, 68.75089110045111, 68.20411801838463, 68.07027632471785, 67.46711273673117, 67.61644897258198, 67.7070894794517, 67.07695514218193, 67.36196889526273, 66.60451812204506, 67.29879589063522, 66.22733278029521, 66.28504554777703, 66.0936764675704, 65.41142970200197, 65.86840285773172, 65.21481282121599, 65.84343994240265, 64.99879323621548, 65.33622812823943, 64.54121110878927, 65.29010600821368, 64.95472905347127, 64.19814130719975, 64.23240588903349], "val_loss_hist": [171.12057435878702, 165.81483172304715, 151.55733677171003, 144.22315585712008, 133.07176458835605, 129.97870185392782, 123.72524877136186, 120.16337640246637, 115.50599949883069, 114.65495064511641, 108.0272566685464, 106.07526217814008, 106.66594438989763, 102.78730472551956, 105.15358481733193, 100.64954774047536, 98.5330378039129, 98.40932689145943, 103.93733222351844, 100.9658313550111, 94.20028306017403, 94.45080225584196, 90.8967734372282, 92.25042575560234, 88.69047320500559, 91.92651880064882, 89.02508557118323, 91.67167929576551, 90.82254792321928, 84.72796032020244, 88.84714738630316, 85.87356335391982, 83.17164757402423, 85.94475385499369, 89.34490996812309, 86.43605435552399, 85.1939089101728, 84.0830755954637, 81.60379052473495, 82.7210462554485, 83.91665651530072, 81.32192310271677, 84.10025156133301, 81.99193674149626, 82.49006769438768, 81.87056954241041, 80.02915937305247, 82.63852210170103, 77.84177793260501, 81.81546805483062, 78.36235796329838, 78.46542666284117, 79.11863058582132, 79.9502570118977, 77.57789516483716, 77.45311301089684, 76.1083707201687, 78.3491818236824, 78.91673458011861, 78.23055248223861, 79.16734832262573, 76.62716614541371, 78.44143914775458, 79.43244190873118, 78.40746010316413, 78.52973508531164, 79.58797606428138, 75.76264289496369, 78.94914163738623, 74.62854317653145, 74.39517323069515, 78.6187210774441, 76.44532670695709, 75.43832180583144, 75.46830865987904, 75.208968477072, 75.95679591023519, 76.25098777226198, 74.44902118086576, 75.31363795363598, 76.72372538388713, 73.87797700661203, 72.7525244829984, 74.04656542941676, 79.31521698594499, 74.47031750836229, 73.86986660314996, 74.50531329748051], "val_score_hist": [-2.3562405792939294, -1.7579275715486697, -1.025389185855684, -0.48646412592231864, 0.22739346727585102, 0.43477743518957035, 0.8013295006151532, 0.9880310673140735, 1.3081312826410672, 1.3955948160058211, 1.8859614766276986, 1.9732048885841758, 1.9996583050916006, 2.213012684298041, 2.054852815021798, 2.343961757368651, 2.56516185205014, 2.5464054461178995, 2.0837731701556206, 2.3225992485364997, 2.8736944270460256, 2.887166318241299, 3.0399302433970803, 2.922600853537544, 3.1773883319771055, 2.936217257125548, 3.1701338155905456, 3.0132803042985423, 3.0789107033819607, 3.458982527999377, 3.191178848964111, 3.3740263034556763, 3.6286089339816745, 3.374139825257072, 3.136430339337124, 3.3627806018809037, 3.599191139962859, 3.528734032681604, 3.7061955064586756, 3.625341265633363, 3.6343505058891834, 3.721684856325474, 3.5844717347629382, 3.6934160790560195, 3.687335718670095, 3.880589360344055, 3.8494670107951223, 3.7359067150628, 3.9966927539405197, 3.7172807268121453, 3.945998991733411, 3.9563541732294936, 3.8998378239480003, 3.855210703088516, 4.030854821515089, 4.0554260657773264, 4.135916343693546, 4.028567689971198, 3.9539852101771147, 4.020554092087156, 4.039431620855276, 4.1176992072660665, 3.9939661972999634, 3.8663738804367864, 3.9650330033861385, 3.982983091151081, 3.9178273649236193, 4.195147838140357, 4.1031941219989, 4.28682902281733, 4.322231835665339, 3.9754113163720537, 4.177536746195462, 4.206542410169152, 4.250153472643494, 4.257179920569714, 4.14116821385879, 4.1412554959599825, 4.289858176486292, 4.257700568621652, 4.166088241657879, 4.317238379918137, 4.4305038279252695, 4.319294898508447, 4.09255374443558, 4.294607860444311, 4.3133435261564985, 4.297029987601728]}