{
    "mse": 0.0017191279912367463,
    "si-snr": 12.957523345947266,
    "si-snr (after gla)": 12.066830132339039
}