{
    "mse": 0.0017191279912367463,
    "si-sdr": 12.957523345947266,
    "si-sdr (after gla)": 12.066830132339039
}