{
    "epochs": 70,
    "patience_epochs": 1,
    "best_val_loss": 0.001876025227829814,
    "best_val_score": 14.07912826538086,
    "best_epoch": 69,
    "train_loss_hist": [
        0.00347745674662292,
        0.002640082500874996,
        0.0024032751098275185,
        0.002820705296471715,
        0.0025840618181973696,
        0.0024028171319514513,
        0.003673247992992401,
        0.0037650137674063444,
        0.002480674535036087,
        0.0023061081301420927,
        0.0022521514911204576,
        0.0021525712218135595,
        0.0021151809487491846,
        0.0021133366972208023,
        0.0020941919647157192,
        0.0020805501844733953,
        0.0020627020858228207,
        0.002151584019884467,
        0.0020598634146153927,
        0.0021188578102737665,
        0.0020841092336922884,
        0.0020688679069280624,
        0.0021110130473971367,
        0.0020531879272311926,
        0.0021327740978449583,
        0.002107002306729555,
        0.0020099596586078405,
        0.0020361808128654957,
        0.0020189036149531603,
        0.002026092493906617,
        0.0020133978687226772,
        0.002117434749379754,
        0.0020374618470668793,
        0.0020285937935113907,
        0.0020045011769980192,
        0.0020196118857711554,
        0.0020120858680456877,
        0.00200158404186368,
        0.0020788025576621294,
        0.00202495907433331,
        0.0020049158483743668,
        0.0021108451765030622,
        0.002019137144088745,
        0.0020570687483996153,
        0.0021635410375893116,
        0.0021188745740801096,
        0.002045697532594204,
        0.0020130223128944635,
        0.0020056774374097586,
        0.002094640862196684,
        0.002039871644228697,
        0.001978302141651511,
        0.0020357798784971237,
        0.0020129133481532335,
        0.0020058692898601294,
        0.001988148782402277,
        0.0020201040897518396,
        0.002049708738923073,
        0.0019915574230253696,
        0.0019686955492943525,
        0.0019826863426715136,
        0.0019578596111387014,
        0.001976817613467574,
        0.001953605329617858,
        0.0019433306297287345,
        0.0019366045016795397,
        0.001952789374627173,
        0.0019311700016260147,
        0.0019332388183102012,
        0.001933098305016756
    ],
    "train_score_hist": [
        10.399065017700195,
        11.702682495117188,
        12.209726333618164,
        11.706289291381836,
        12.07143783569336,
        12.130332946777344,
        11.149786949157715,
        12.066351890563965,
        12.363329887390137,
        12.56474781036377,
        12.680500030517578,
        12.659974098205566,
        12.716710090637207,
        12.751078605651855,
        12.787374496459961,
        12.907638549804688,
        12.939108848571777,
        12.902321815490723,
        13.016480445861816,
        12.861246109008789,
        13.20191478729248,
        13.170939445495605,
        13.130279541015625,
        13.254876136779785,
        13.045424461364746,
        13.082501411437988,
        13.50007152557373,
        13.423511505126953,
        13.383679389953613,
        13.299080848693848,
        13.397930145263672,
        12.956221580505371,
        13.238519668579102,
        13.398282051086426,
        13.465278625488281,
        13.473502159118652,
        13.416872024536133,
        13.465619087219238,
        13.370253562927246,
        13.484655380249023,
        13.547826766967773,
        13.352920532226562,
        13.475770950317383,
        13.43248176574707,
        13.454497337341309,
        13.451988220214844,
        13.52685546875,
        13.690266609191895,
        13.622076034545898,
        13.428372383117676,
        13.542808532714844,
        13.735489845275879,
        13.659430503845215,
        13.660664558410645,
        13.676400184631348,
        13.683478355407715,
        13.650723457336426,
        13.53990364074707,
        13.746208190917969,
        13.725439071655273,
        13.722871780395508,
        13.75554084777832,
        13.759273529052734,
        13.867671966552734,
        13.924836158752441,
        13.955368041992188,
        13.911178588867188,
        13.985950469970703,
        14.03974437713623,
        14.01898193359375
    ],
    "val_loss_hist": [
        0.0022139842621982098,
        0.002065621316432953,
        0.002319592284038663,
        0.002053202362731099,
        0.0023010745644569397,
        0.002453277353197336,
        0.002953815972432494,
        0.0023316051810979843,
        0.002139253308996558,
        0.002045553410425782,
        0.0020535748917609453,
        0.002017504535615444,
        0.0020101135596632957,
        0.00196791416965425,
        0.001988272415474057,
        0.0019625909626483917,
        0.0019812211394309998,
        0.001993263838812709,
        0.0019468539394438267,
        0.002016065875068307,
        0.0019487675745040178,
        0.002015892881900072,
        0.0019375510746613145,
        0.0019227721495553851,
        0.0023649558424949646,
        0.001936669577844441,
        0.0019457184243947268,
        0.0019337190315127373,
        0.0019368972862139344,
        0.0019210785394534469,
        0.0019251987105235457,
        0.0019570947624742985,
        0.001939961570315063,
        0.001930923550389707,
        0.0019282959401607513,
        0.0019227025331929326,
        0.001912844367325306,
        0.001923360861837864,
        0.001928902929648757,
        0.0019177660578861833,
        0.0019151227315887809,
        0.001953484257683158,
        0.0019131944281980395,
        0.0019210322061553597,
        0.0019197722431272268,
        0.001953383907675743,
        0.0019265306182205677,
        0.0019061266211792827,
        0.0019114796305075288,
        0.0019173664040863514,
        0.0019179641967639327,
        0.0019099771743640304,
        0.0019033105345442891,
        0.0019156602211296558,
        0.0019011503318324685,
        0.0018984497291967273,
        0.0019155461341142654,
        0.0019430151442065835,
        0.0019038491882383823,
        0.0019050744595006108,
        0.001907065394334495,
        0.0018998916493728757,
        0.0018859884003177285,
        0.0018943586619570851,
        0.001890223124064505,
        0.0018856159877032042,
        0.0018845113227143884,
        0.001879159128293395,
        0.001876025227829814,
        0.0018890148494392633
    ],