{"mse": 0.007247456349432468, "si-snr": 9.579096794128418, "si-snr (after gla)": 9.401482398725063}