{"mse": 0.005284616257995367, "si-ssnr": 9.545116424560547}