{"epochs": 33, "patience_epochs": 10, "best_val_loss": 0.014907103031873703, "best_val_score": 11.705775260925293, "best_epoch": 23, "train_loss_hist": [0.026312049478292465, 0.017610490322113037, 0.016772540286183357, 0.016508745029568672, 0.01590283028781414, 0.0154162822291255, 0.015557690523564816, 0.015181194059550762, 0.014955076389014721, 0.014843768440186977, 0.014758660458028316, 0.014679603278636932, 0.014606877230107784, 0.01452631689608097, 0.014509307220578194, 0.014435355551540852, 0.014408648945391178, 0.01436618622392416, 0.014316841959953308, 0.01427435502409935, 0.014278980903327465, 0.014225123450160027, 0.014228850603103638, 0.014185361564159393, 0.014176944270730019, 0.014199013821780682, 0.014174802228808403, 0.014138185419142246, 0.014131523668766022, 0.014117064885795116, 0.014119364321231842, 0.014092090539634228, 0.014081883244216442], "train_score_hist": [-3.856951951980591, 1.898730993270874, 3.2056310176849365, 4.021115779876709, 5.162128925323486, 6.112078666687012, 6.448436737060547, 7.7363810539245605, 8.470366477966309, 8.956755638122559, 9.247566223144531, 9.575958251953125, 9.87314224243164, 10.057684898376465, 10.16008186340332, 10.36766529083252, 10.413424491882324, 10.463934898376465, 10.644121170043945, 10.675146102905273, 10.770355224609375, 10.877079963684082, 10.84752082824707, 10.936079978942871, 10.960111618041992, 10.957374572753906, 10.944620132446289, 11.03157901763916, 11.028614044189453, 11.096773147583008, 11.09380054473877, 11.109270095825195, 11.131064414978027], "val_loss_hist": [0.015868274495005608, 0.015679676085710526, 0.01600073277950287, 0.015857769176363945, 0.01480176206678152, 0.015058308839797974, 0.015659136697649956, 0.014834231697022915, 0.014764702878892422, 0.015011240728199482, 0.014640926383435726, 0.014877009205520153, 0.014765679836273193, 0.014767936430871487, 0.014692483469843864, 0.015143823809921741, 0.014875541441142559, 0.014857865869998932, 0.015170820988714695, 0.014579868875443935, 0.014898687601089478, 0.014903508126735687, 0.014907103031873703, 0.015439298935234547, 0.014650498516857624, 0.016010509803891182, 0.015239430591464043, 0.015190117992460728, 0.01536328624933958, 0.01503781694918871, 0.01453953143209219, 0.014641950838267803, 0.015010755509138107], "val_score_hist": [9.655418395996094, 9.829610824584961, 9.526627540588379, 9.822361946105957, 10.83946704864502, 10.708646774291992, 11.00976276397705, 10.23219108581543, 10.80227279663086, 10.955721855163574, 10.936826705932617, 11.118257522583008, 11.23403549194336, 11.03078556060791, 11.374603271484375, 10.84675407409668, 11.018832206726074, 11.581281661987305, 11.568676948547363, 11.369159698486328, 11.346839904785156, 11.644519805908203, 11.705775260925293, 11.400429725646973, 11.683859825134277, 11.417287826538086, 11.509135246276855, 11.333220481872559, 11.453506469726562, 11.68307876586914, 11.263782501220703, 11.646618843078613, 11.437973022460938]}