{"mse": 0.0018258917843922973, "si-snr": 12.60441780090332}