{"mse": 0.0018258917843922973, "si-ssnr": 12.60441780090332}