{"epochs": 3, "patience_epochs": 0, "best_val_loss": 0.002686017658561468, "best_val_score": 11.008101463317871, "best_epoch": 3, "train_loss_hist": [0.007009066175669432, 0.005199484061449766, 0.004205191973596811], "train_score_hist": [-6.23830509185791, -0.07713527232408524, 0.7122458815574646], "val_loss_hist": [0.002834922168403864, 0.002682553604245186, 0.002686017658561468], "val_score_hist": [8.853789329528809, 10.029914855957031, 11.008101463317871]}