{"epochs": 19, "patience_epochs": 1, "best_val_loss": 0.0020642830058932304, "best_val_score": 13.375036239624023, "best_epoch": 18, "train_loss_hist": [0.009344805963337421, 0.005017137620598078, 0.004349512048065662, 0.003935892600566149, 0.003707581665366888, 0.0037208269350230694, 0.0032888150308281183, 0.0032322576735168695, 0.003130283672362566, 0.002768346108496189, 0.003098288318142295, 0.003065922064706683, 0.0030811342876404524, 0.0030488045886158943, 0.0031654066406190395, 0.002827758202329278, 0.0031705829314887524, 0.0025311382487416267, 0.0028174836188554764], "train_score_hist": [-13.428171157836914, -4.421339988708496, -0.07421689480543137, 1.641668677330017, 1.9858636856079102, 3.5519211292266846, 3.915480613708496, 4.281834602355957, 4.374325275421143, 4.4405412673950195, 4.79817008972168, 4.846074104309082, 4.889838218688965, 4.850236415863037, 5.325775146484375, 5.119565010070801, 5.093170166015625, 5.316878795623779, 5.564538955688477], "val_loss_hist": [0.0037974712904542685, 0.002429091138765216, 0.0027193801943212748, 0.003209319431334734, 0.002364028710871935, 0.0023898223880678415, 0.002262087306007743, 0.002212768653407693, 0.002776782028377056, 0.0022608519066125154, 0.002253260463476181, 0.002263389527797699, 0.0021182692144066095, 0.002225135453045368, 0.0021226746030151844, 0.0021741557866334915, 0.0021558369044214487, 0.0020642830058932304, 0.002392141381278634], "val_score_hist": [7.925215244293213, 10.743666648864746, 11.313584327697754, 4.0621490478515625, 10.975728988647461, 11.945074081420898, 12.247330665588379, 11.933123588562012, 12.102775573730469, 12.291524887084961, 12.376819610595703, 11.686182975769043, 13.004640579223633, 12.60286808013916, 13.074481010437012, 12.443946838378906, 12.936701774597168, 13.375036239624023, 12.761869430541992]}