{"epochs": 44, "patience_epochs": 4, "best_val_loss": 0.0019987942650914192, "best_val_score": 12.955568313598633, "best_epoch": 40, "train_loss_hist": [0.006228054407984018, 0.0032637508120387793, 0.003207496600225568, 0.0026690314989537, 0.0027224908117204905, 0.0026327306404709816, 0.002901486586779356, 0.002759000286459923, 0.002555012470111251, 0.002738707233220339, 0.0025515833403915167, 0.0025575547479093075, 0.002474679844453931, 0.0024632944259792566, 0.002462706295773387, 0.0023391093127429485, 0.002434737281873822, 0.0022563806269317865, 0.0023242556490004063, 0.0023019493091851473, 0.002474128734320402, 0.002444205107167363, 0.00232962635345757, 0.0022227836307138205, 0.002223825780674815, 0.002379420679062605, 0.0021934176329523325, 0.00247922888956964, 0.002235901076346636, 0.002380772028118372, 0.0021145546343177557, 0.002353905700147152, 0.0022576991468667984, 0.0022572227753698826, 0.0021097783464938402, 0.0021002888679504395, 0.0022372917737811804, 0.002122994279488921, 0.0022530558053404093, 0.0022093970328569412, 0.0022820383310317993, 0.002343543106690049, 0.002088703215122223, 0.0021410032641142607], "train_score_hist": [7.794884204864502, 9.703387260437012, 10.798296928405762, 11.279471397399902, 11.28459358215332, 11.41934585571289, 11.135972023010254, 11.108502388000488, 11.27030086517334, 11.42124080657959, 11.557402610778809, 11.999505043029785, 12.340845108032227, 12.188458442687988, 11.590622901916504, 12.400472640991211, 12.327644348144531, 12.131264686584473, 12.199143409729004, 12.184487342834473, 11.835025787353516, 12.260990142822266, 12.218681335449219, 12.229857444763184, 11.952481269836426, 12.074858665466309, 12.77144718170166, 11.801989555358887, 11.922452926635742, 11.874725341796875, 12.523118019104004, 12.247455596923828, 11.904181480407715, 12.085237503051758, 12.677278518676758, 12.497761726379395, 12.500264167785645, 12.557637214660645, 12.40226936340332, 12.62491512298584, 12.246698379516602, 12.536781311035156, 12.326955795288086, 12.473040580749512], "val_loss_hist": [0.0026236693374812603, 0.0023180614225566387, 0.0022615515626966953, 0.002162837889045477, 0.002206136006861925, 0.0021892189979553223, 0.002297676168382168, 0.002165143145248294, 0.0021944071631878614, 0.002146348590031266, 0.0021480077411979437, 0.0022216897923499346, 0.002063960302621126, 0.0021677471231669188, 0.0022047064267098904, 0.002054758369922638, 0.0021521758753806353, 0.002074268413707614, 0.0020981905981898308, 0.002036340069025755, 0.002033701865002513, 0.002108668675646186, 0.002070338698104024, 0.0020614147651940584, 0.002002721419557929, 0.0020320983603596687, 0.0020258997101336718, 0.0020409247372299433, 0.0020024965051561594, 0.0020799420308321714, 0.002003417117521167, 0.002110363682731986, 0.0020198735874146223, 0.0020292489789426327, 0.0019998562056571245, 0.002100713085383177, 0.0022591191809624434, 0.0019963805098086596, 0.002052186755463481, 0.0019987942650914192, 0.00206036027520895, 0.0020137825049459934, 0.0020162181463092566, 0.0019962878432124853], "val_score_hist": [10.503795623779297, 11.728487968444824, 11.83017349243164, 12.289275169372559, 12.035168647766113, 11.395380020141602, 11.698040962219238, 11.877113342285156, 12.044926643371582, 11.495441436767578, 12.254599571228027, 11.782999038696289, 12.872833251953125, 10.765673637390137, 12.29376220703125, 12.882135391235352, 11.998869895935059, 11.958293914794922, 11.35660457611084, 12.433622360229492, 12.61136245727539, 11.85389232635498, 12.73033618927002, 12.149175643920898, 12.643209457397461, 12.798100471496582, 12.779532432556152, 12.450155258178711, 12.426640510559082, 11.707894325256348, 12.811482429504395, 11.354781150817871, 12.80565071105957, 12.828540802001953, 12.925609588623047, 12.717164039611816, 11.338556289672852, 12.92406177520752, 12.506734848022461, 12.955568313598633, 12.519577980041504, 12.786178588867188, 12.460110664367676, 12.746865272521973]}