{
    "si-sdr": 8.676616668701172,
    "si-sdr (after gla)": 5.3101277351379395
}