{
    "mse": 0.001967966789379716,
    "si-snr": 12.299962043762207,
    "si-snr (after gla)": 11.503953670853488
}