{
    "mse": 0.001967966789379716,
    "si-sdr": 12.299962043762207,
    "si-sdr (after gla)": 11.503953670853488
}