{
    "epochs": 22,
    "patience_epochs": 20,
    "best_val_loss": 0.0022065085358917713,
    "best_val_score": 12.176732063293457,
    "best_epoch": 2,
    "train_loss_hist": [
        0.004271937068551779,
        0.002600706648081541,
        0.0026283529587090015,
        0.0029992079362273216,
        0.003716222010552883,
        0.010158302262425423,
        0.020564794540405273,
        NaN,
        NaN,
        0.017495883628726006,
        0.00892103835940361,
        0.006905584596097469,
        0.006325118709355593,
        0.004974617622792721,
        0.004490165505558252,
        0.004317918326705694,
        0.004193097818642855,
        0.0040382095612585545,
        0.004612266086041927,
        0.004707851447165012,
        0.004690319299697876,
        0.004200650844722986
    ],
    "train_score_hist": [
        9.28333854675293,
        11.259839057922363,
        11.101905822753906,
        10.835561752319336,
        10.876996994018555,
        8.246313095092773,
        6.5350661277771,
        NaN,
        NaN,
        7.240072727203369,
        8.011388778686523,
        9.756052017211914,
        10.576140403747559,
        10.849591255187988,
        11.223664283752441,
        11.235299110412598,
        11.437095642089844,
        11.035222053527832,
        11.181072235107422,
        11.031622886657715,
        11.321208953857422,
        11.203343391418457
    ],
    "val_loss_hist": [
        0.0022939261980354786,
        0.0022065085358917713,
        0.002233899896964431,
        0.002261738060042262,
        0.00233668414875865,
        0.006430352106690407,
        0.018313385546207428,
        0.02043154276907444,
        0.008700469508767128,
        0.005776120349764824,
        0.004820860922336578,
        0.0033560500014573336,
        0.0034912913106381893,
        0.003358244663104415,
        0.003429470118135214,
        0.003583736252039671,
        0.0035998267121613026,
        0.002972639398649335,
        0.003097609616816044,
        0.0031163906678557396,
        0.0028142232913523912,
        0.0029406449757516384
    ],
    "val_score_hist": [
        11.670971870422363,
        12.176732063293457,
        11.791927337646484,
        11.564478874206543,
        11.43415355682373,
        7.342617988586426,
        6.389350414276123,
        6.056782245635986,
        8.679795265197754,
        7.141791343688965,
        9.229390144348145,
        11.044354438781738,
        11.098011016845703,
        11.379900932312012,
        11.39670181274414,
        11.56920051574707,
        11.567068099975586,
        11.739436149597168,
        11.66933822631836,
        11.779227256774902,
        11.432051658630371,
        11.438905715942383
    ]
}