{"mse": 0.004196000285446644, "si-snr": 9.315339088439941}