{"epochs": 32, "patience_epochs": 9, "best_val_loss": 0.014338009059429169, "best_val_score": 11.51447582244873, "best_epoch": 23, "train_loss_hist": [0.024890966713428497, 0.01761573553085327, 0.01680922694504261, 0.01608549989759922, 0.01568596065044403, 0.01562400721013546, 0.015238008461892605, 0.01527479663491249, 0.014897442422807217, 0.01498445775359869, 0.014739600010216236, 0.015426497906446457, 0.014686888083815575, 0.014589489437639713, 0.014555341564118862, 0.014501524157822132, 0.01448723953217268, 0.01445980928838253, 0.014364432543516159, 0.014333809725940228, 0.014295625500380993, 0.01426154375076294, 0.014252581633627415, 0.014210780151188374, 0.01418343186378479, 0.014146705158054829, 0.014131981879472733, 0.014100689440965652, 0.014089906588196754, 0.014072276651859283, 0.014047176577150822, 0.014043478295207024], "train_score_hist": [-1.6404391527175903, 3.7611231803894043, 4.973324775695801, 6.342048168182373, 7.12831974029541, 7.485995769500732, 8.225600242614746, 8.383735656738281, 9.056377410888672, 9.211398124694824, 9.583598136901855, 8.614242553710938, 9.770942687988281, 10.079483985900879, 10.263214111328125, 10.417449951171875, 10.550971984863281, 10.608318328857422, 10.821279525756836, 10.943370819091797, 10.999717712402344, 11.097497940063477, 11.118380546569824, 11.165932655334473, 11.250661849975586, 11.31509780883789, 11.359075546264648, 11.37112808227539, 11.4017915725708, 11.44856071472168, 11.45557975769043, 11.476372718811035], "val_loss_hist": [0.017738964408636093, 0.01529784593731165, 0.015588048845529556, 0.014915406703948975, 0.015159093774855137, 0.014796985313296318, 0.014752472750842571, 0.014720965176820755, 0.014931229874491692, 0.014765392057597637, 0.014860122464597225, 0.014681803993880749, 0.01565483585000038, 0.014758245088160038, 0.014705181121826172, 0.014836577698588371, 0.014611572958528996, 0.01441715843975544, 0.014470101334154606, 0.014754909090697765, 0.01435853447765112, 0.01468598935753107, 0.014338009059429169, 0.014545026235282421, 0.014443231746554375, 0.014727273024618626, 0.015268703922629356, 0.014587613753974438, 0.014465857297182083, 0.014515284448862076, 0.01502577867358923, 0.014305195771157742], "val_score_hist": [8.35039234161377, 8.834586143493652, 8.891820907592773, 10.306044578552246, 9.882190704345703, 10.965106964111328, 10.986289978027344, 10.47933578491211, 11.14741039276123, 10.69733715057373, 11.222829818725586, 11.0261812210083, 11.22927188873291, 11.121840476989746, 11.317896842956543, 11.278489112854004, 11.344621658325195, 10.780972480773926, 11.49559211730957, 11.07986831665039, 11.306658744812012, 11.414739608764648, 11.51447582244873, 11.467279434204102, 11.440617561340332, 11.182332992553711, 11.477840423583984, 11.434030532836914, 11.374516487121582, 11.447834014892578, 10.280228614807129, 11.40568733215332]}