{
    "stoi": 0.9928296874551213,
    "pesq": 3.866139327778537,
    "time": 0.3135260907341453
}