{
    "stoi_hist": [
        0.7751432540369969,
        0.9526199710135367,
        0.9693341675926657,
        0.977129746885861,
        0.9816849734268938,
        0.9845055365094951,
        0.9861913451961444,
        0.9874156947229422,
        0.9883804812150845,
        0.9890937150693407,
        0.9898051981832465,
        0.9903972674818602,
        0.9909278750419617,
        0.991311122389401,
        0.9916747317594639,
        0.991982166673623,
        0.9922382632891338,
        0.9924600790528691,
        0.9926417843968259,
        0.9928296874551213
    ],
    "pesq_hist": [
        1.4728981349982466,
        3.072093734554216,
        3.3139097410089837,
        3.4678233838548844,
        3.525283004723343,
        3.6205929634617826,
        3.6718854530184877,
        3.7161131793377447,
        3.738207541260065,
        3.747612789565441,
        3.7619607121336682,
        3.7711724720749196,
        3.7981603706584264,
        3.820589458241182,
        3.8271182752123063,
        3.821503283930759,
        3.824436323315489,
        3.833993444255755,
        3.8592068588032444,
        3.866139327778537
    ]
}