{
    "stoi_hist": [
        0.7630806091252496,
        0.9512155343504519,
        0.9687618172869962,
        0.9771346452656914,
        0.9817461527095124,
        0.9844266961602595,
        0.9862021566839777,
        0.9874282639166888,
        0.9883291007490718,
        0.9890034347421983,
        0.989528611688053,
        0.9899582712790541,
        0.9903416263355925,
        0.9906377523085653,
        0.9909115418265848,
        0.9911713298629317,
        0.991402200811049,
        0.9916041933788969,
        0.9917963702538434,
        0.9919691948329705
    ],
    "pesq_hist": [
        1.4811434636396514,
        3.1124208256777592,
        3.3752377611048074,
        3.5179442498263196,
        3.602289878059836,
        3.6595206428976605,
        3.696183108161478,
        3.7281442457086884,
        3.7560963467990627,
        3.7759713862924014,
        3.7897151099934296,
        3.806447079321918,
        3.8212702024684226,
        3.836067320879768,
        3.84407623206868,
        3.848773836528554,
        3.8615377891764897,
        3.871491175819849,
        3.8794198378394613,
        3.883396482467652
    ]
}