{
    "stoi": 0.9919691948329705,
    "pesq": 3.883396482467652,
    "time": 0.30500264336081107
}