{
    "stoi": 0.9959181021241581,
    "pesq": 4.000285882575839,
    "time": 1.1641701328053211
}