{
    "stoi": 0.9792632623152299,
    "pesq": 3.0215272469954058,
    "time": 0.19099838425131424
}