{
    "stoi": 0.9990254369649021,
    "pesq": 4.1343489126725625,
    "time": 1.199427387574141
}