{
    "stoi_hist": [
        0.7672476876865734,
        0.9561742435802113,
        0.9698206836527044,
        0.9749861684712495,
        0.9785846038298174,
        0.9789421179077843,
        0.9792632623152299,
        0.978926035490903,
        0.9785389466719194,
        0.978106747974049
    ],
    "pesq_hist": [
        1.3312347802248867,
        2.493080182508989,
        2.727882601998069,
        2.8601483214985244,
        2.940501191399314,
        2.952789588408037,
        2.999533891677856,
        2.982513622804122,
        3.0171148560263896,
        3.0215272469954058
    ]
}