{
    "stoi": 0.7672476876865734,
    "pesq": 1.3312347802248867,
    "time": 0.022947801141177917
}