{
    "stoi_hist": [
        0.7672476876865734
    ],
    "pesq_hist": [
        1.3312347802248867
    ]
}