{
    "si-ssdr": 2.8003491732797556,
    "stoi": 0.7952436979144295,
    "pesq": 1.2833481248799217
}