{
    "si-ssdr": 1.7486554614654324,
    "stoi": 0.7548766013785553,
    "pesq": 1.263997258318227
}