{
    "epochs": 15,
    "patience_epochs": 4,
    "best_epoch": 11,
    "best_epoch_scores": {
        "loss": 0.05133512616157532,
        "si-ssdr": 10.927163124084473
    },
    "train_hist": {
        "loss": [
            0.06599047034978867,
            0.05823652818799019,
            0.05729778856039047,
            0.05524567514657974,
            0.054003648459911346,
            0.052363406866788864,
            0.05273687466979027,
            0.053155429661273956,
            0.05357688292860985,
            0.05554778501391411,
            0.05444039776921272,
            0.05357004702091217,
            0.05950639024376869,
            0.06112706661224365,
            0.054770659655332565
        ],
        "si-ssdr": [
            9.02532958984375,
            9.87075424194336,
            10.062444686889648,
            10.33708667755127,
            10.473312377929688,
            10.861418724060059,
            10.874366760253906,
            10.828453063964844,
            10.814885139465332,
            10.63303279876709,
            10.724169731140137,
            10.972772598266602,
            10.166444778442383,
            10.186941146850586,
            10.632790565490723
        ]
    },
    "val_hist": {
        "loss": [
            0.05561800301074982,
            0.05545048788189888,
            0.05431041494011879,
            0.054059021174907684,
            0.05565250292420387,
            0.052429262548685074,
            0.05955909565091133,
            0.051717016845941544,
            0.05194578319787979,
            0.05192314460873604,
            0.05133512616157532,
            0.05542159825563431,
            0.057758878916502,
            0.05971968546509743,
            0.05185794457793236
        ],
        "si-ssdr": [
            9.869399070739746,
            10.039525985717773,
            10.32238483428955,
            10.286584854125977,
            10.222137451171875,
            10.447183609008789,
            8.963634490966797,
            10.756007194519043,
            10.661191940307617,
            10.6848783493042,
            10.927163124084473,
            8.90111255645752,
            10.046133041381836,
            9.7351713180542,
            10.544093132019043
        ]
    }
}