{
    "epochs": 32,
    "patience_epochs": 10,
    "best_epoch": 22,
    "best_epoch_scores": {
        "loss": 0.045574676245450974,
        "si-ssdr": 14.480005264282227
    },
    "train_hist": {
        "loss": [
            0.06778496503829956,
            0.056008994579315186,
            0.05238936468958855,
            0.05081155151128769,
            0.05006612092256546,
            0.04797244817018509,
            0.04776783287525177,
            0.047276321798563004,
            0.04714982211589813,
            0.04623386636376381,
            0.04582294449210167,
            0.04574774205684662,
            0.04568532481789589,
            0.045050472021102905,
            0.04515758156776428,
            0.04504743963479996,
            0.04502732679247856,
            0.044816337525844574,
            0.04474454000592232,
            0.04486345127224922,
            0.04546806216239929,
            0.04618778079748154,
            0.047148916870355606,
            0.046565327793359756,
            0.047024067491292953,
            0.05230262130498886,
            0.04944385588169098,
            0.04727296158671379,
            0.04986931383609772,
            0.0493195578455925,
            0.049213115125894547,
            0.04999494552612305
        ],
        "si-ssdr": [
            11.415217399597168,
            12.64453125,
            13.174741744995117,
            13.366180419921875,
            13.473722457885742,
            13.934380531311035,
            14.000648498535156,
            14.067667961120605,
            14.116562843322754,
            14.380370140075684,
            14.440773010253906,
            14.430578231811523,
            14.464354515075684,
            14.604308128356934,
            14.589832305908203,
            14.644187927246094,
            14.656179428100586,
            14.754857063293457,
            14.755825996398926,
            14.752547264099121,
            14.725894927978516,
            14.716723442077637,
            14.638802528381348,
            14.648019790649414,
            14.607221603393555,
            14.327983856201172,
            14.463377952575684,
            14.559255599975586,
            14.463902473449707,
            14.474090576171875,
            14.463940620422363,
            14.408848762512207
        ]
    },
    "val_hist": {
        "loss": [
            0.056671157479286194,
            0.05129106715321541,
            0.050992805510759354,
            0.05058232322335243,
            0.05038350448012352,
            0.04774504899978638,
            0.047414861619472504,
            0.04670613631606102,
            0.04780595377087593,
            0.04672614857554436,
            0.04570521041750908,
            0.045689959079027176,
            0.045642394572496414,
            0.04543974623084068,
            0.04542699083685875,
            0.04640807956457138,
            0.04532819986343384,
            0.04537530615925789,
            0.04555493965744972,
            0.04530821740627289,
            0.04552501067519188,
            0.045574676245450974,
            0.045449744910001755,
            0.045637521892786026,
            0.04988356679677963,
            0.046603377908468246,
            0.04651473090052605,
            0.045427244156599045,
            0.046161092817783356,
            0.04601070657372475,
            0.04564118757843971,
            0.047524113208055496
        ],
        "si-ssdr": [
            12.537432670593262,
            13.257433891296387,
            13.38961410522461,
            13.242840766906738,
            13.287455558776855,
            13.81583309173584,
            13.879233360290527,
            14.083629608154297,
            13.761541366577148,
            14.20059871673584,
            14.280388832092285,
            14.194670677185059,
            14.21998405456543,
            14.383403778076172,
            14.393205642700195,
            14.383072853088379,
            14.38303279876709,
            14.348936080932617,
            14.255819320678711,
            14.465067863464355,
            14.384452819824219,
            14.480005264282227,
            14.433294296264648,
            14.43191146850586,
            14.325750350952148,
            14.418680191040039,
            14.39012622833252,
            14.379979133605957,
            14.330389976501465,
            14.383133888244629,
            14.351120948791504,
            14.342735290527344
        ]
    }
}