{"mse": 0.012295193038880825, "si-snr": 8.290013313293457}