{"epochs": 51, "patience_epochs": 15, "best_val_loss": 0.016525015234947205, "best_val_score": 11.410364151000977, "best_epoch": 36, "train_loss_hist": [0.031388070434331894, 0.02089759148657322, 0.019031036645174026, 0.017570000141859055, 0.01655486598610878, 0.016480863094329834, 0.015817970037460327, 0.01529849786311388, 0.01532453577965498, 0.015150349587202072, 0.014918136410415173, 0.015464999713003635, 0.014880066737532616, 0.01473928987979889, 0.01469148974865675, 0.014629666693508625, 0.014713904820382595, 0.014591521583497524, 0.014519031159579754, 0.014543906785547733, 0.014484267681837082, 0.014469020068645477, 0.014432096853852272, 0.014402862638235092, 0.01444200612604618, 0.014367052353918552, 0.014337565749883652, 0.01431580726057291, 0.014308326877653599, 0.014268295839428902, 0.014284207485616207, 0.014249058440327644, 0.014228449203073978, 0.014206506311893463, 0.014185469597578049, 0.014176057651638985, 0.014162464998662472, 0.014145937748253345, 0.014138385653495789, 0.014113591983914375, 0.014108764939010143, 0.014092479832470417, 0.014070648699998856, 0.014056790620088577, 0.014044280163943768, 0.014052045531570911, 0.014029446057975292, 0.014006955549120903, 0.013977658934891224, 0.013966941274702549, 0.013951496221125126], "train_score_hist": [0.4043540060520172, 1.6753296852111816, 2.125962734222412, 3.1977760791778564, 4.844733238220215, 5.747758388519287, 6.58794641494751, 7.693918228149414, 7.796708583831787, 8.340621948242188, 8.951559066772461, 8.116814613342285, 9.090731620788574, 9.512665748596191, 9.673882484436035, 9.878524780273438, 9.74988842010498, 10.00615406036377, 10.191397666931152, 10.135907173156738, 10.262069702148438, 10.339789390563965, 10.439364433288574, 10.530688285827637, 10.480021476745605, 10.607244491577148, 10.681175231933594, 10.707168579101562, 10.70361042022705, 10.79518985748291, 10.731341361999512, 10.805194854736328, 10.835546493530273, 10.879972457885742, 10.922541618347168, 10.904444694519043, 10.93583869934082, 10.9771728515625, 10.986078262329102, 11.02247142791748, 10.998038291931152, 10.997352600097656, 11.0621919631958, 11.083609580993652, 11.06375789642334, 11.013983726501465, 11.050614356994629, 11.097092628479004, 11.126596450805664, 11.147134780883789, 11.140008926391602], "val_loss_hist": [0.02579534240067005, 0.030609460547566414, 0.023633331060409546, 0.01996070146560669, 0.019944000989198685, 0.021502990275621414, 0.01726651005446911, 0.01710572838783264, 0.016992662101984024, 0.016250742599368095, 0.017020966857671738, 0.01660318486392498, 0.016454394906759262, 0.015841754153370857, 0.015964478254318237, 0.01629071868956089, 0.01575423963367939, 0.015818456187844276, 0.015826169401407242, 0.015422433614730835, 0.015395402908325195, 0.016149625182151794, 0.016338864341378212, 0.015804696828126907, 0.01519637182354927, 0.016251804307103157, 0.015391556546092033, 0.015665121376514435, 0.016471480950713158, 0.015688825398683548, 0.015604374930262566, 0.015609712339937687, 0.016147587448358536, 0.016089871525764465, 0.016162633895874023, 0.016525015234947205, 0.01616170071065426, 0.015790386125445366, 0.015318303368985653, 0.01625349372625351, 0.0165701936930418, 0.01574147678911686, 0.016010740771889687, 0.015809135511517525, 0.016414955258369446, 0.015919040888547897, 0.01551781315356493, 0.01649048551917076, 0.016307152807712555, 0.015899309888482094, 0.01716751791536808], "val_score_hist": [5.101406574249268, 4.9055585861206055, 4.678609848022461, 6.208213806152344, 8.171753883361816, 5.42642068862915, 8.963033676147461, 9.932889938354492, 9.968977928161621, 9.87558364868164, 9.879746437072754, 10.283087730407715, 10.0694580078125, 10.842700958251953, 10.44431209564209, 10.21121597290039, 10.425114631652832, 10.700222969055176, 10.844399452209473, 11.137815475463867, 11.017197608947754, 10.433475494384766, 10.23866081237793, 11.076150894165039, 11.125576972961426, 10.498795509338379, 11.285757064819336, 10.605472564697266, 10.679954528808594, 11.021299362182617, 11.129008293151855, 11.204805374145508, 11.06268310546875, 11.10938835144043, 11.212583541870117, 11.410364151000977, 10.553267478942871, 11.37859058380127, 10.867744445800781, 11.159744262695312, 10.748383522033691, 11.376508712768555, 10.941640853881836, 11.247455596923828, 10.59182357788086, 11.392545700073242, 11.0845365524292, 11.230457305908203, 10.853696823120117, 10.965439796447754, 11.272577285766602]}