{"mse": 0.11001252382993698, "si-snr": -0.10012342780828476}