{"epochs": 15, "patience_epochs": 15, "best_val_loss": 9999, "best_val_score": 0, "best_epoch": 0, "train_loss_hist": [0.14563976228237152, 0.12880553305149078, 0.12470486015081406, 0.12469665706157684, 0.12207340449094772, 0.12183282524347305, 0.12120255827903748, 0.12159465253353119, 0.1203102171421051, 0.12044062465429306, 0.11983619630336761, 0.1193208172917366, 0.11848205327987671, 0.11785907298326492, 0.11826132237911224], "train_score_hist": [-7.527126789093018, -6.21085786819458, -6.096721172332764, -6.029277324676514, -5.9234938621521, -5.877653121948242, -5.878185272216797, -5.834558010101318, -5.7741498947143555, -5.7768449783325195, -5.712091445922852, -5.652368545532227, -5.646343231201172, -5.565084457397461, -5.566682815551758], "val_loss_hist": [0.1490805298089981, 0.1458401083946228, 0.14699700474739075, 0.1495957374572754, 0.153347909450531, 0.13382358849048615, 0.14304137229919434, 0.1348016858100891, 0.14915138483047485, 0.1491355299949646, 0.14180859923362732, 0.14519375562667847, 0.13969700038433075, 0.13501791656017303, 0.1369089037179947], "val_score_hist": [-5.367919445037842, -5.334257125854492, -5.331775188446045, -5.252677917480469, -5.27602481842041, -5.608412265777588, -5.382233619689941, -5.46183967590332, -5.368763446807861, -5.318244457244873, -5.313526153564453, -5.277027606964111, -5.317647933959961, -5.524389743804932, -5.301944732666016]}