{
    "si-sdr": 4.237246990203857,
    "stoi": 0.7709240913391113,
    "pesq": 2.677443742752075
}