{
    "si-sdr": 5.216975212097168,
    "stoi": 0.7856470346450806,
    "pesq": 3.0294950008392334
}