{
    "stoi": 0.7889523506164551,
    "pesq": 3.051436424255371
}