{
    "epochs": 8,
    "patience_epochs": 5,
    "best_epoch": 3,
    "best_epoch_scores": {
        "stoi": 0.8838262557983398,
        "pesq": 2.351236581802368
    },
    "train_hist": {
        "loss": [
            5.231036186218262,
            5.230995178222656,
            5.230920791625977,
            5.230892181396484,
            5.230858325958252,
            5.230856418609619,
            5.230828285217285,
            5.230839729309082
        ],
        "stoi": [
            0.9731698036193848,
            0.9740426540374756,
            0.9759051203727722,
            0.9765658378601074,
            0.9770972728729248,
            0.977364718914032,
            0.9777253866195679,
            0.9777911901473999
        ],
        "pesq": [
            3.385362386703491,
            3.453920602798462,
            3.5685741901397705,
            3.6294665336608887,
            3.664808511734009,
            3.6925885677337646,
            3.7218995094299316,
            3.727459669113159
        ]
    },
    "val_hist": {
        "stoi": [
            0.8743396997451782,
            0.8663416504859924,
            0.8838262557983398,
            0.8817575573921204,
            0.873728334903717,
            0.8702033162117004,
            0.8676729202270508,
            0.868628203868866
        ],
        "pesq": [
            2.1487607955932617,
            2.0213582515716553,
            2.351236581802368,
            2.286252498626709,
            2.2914867401123047,
            2.319483518600464,
            2.304351806640625,
            2.2817752361297607
        ]
    }
}