{"mse": 0.030554015189409256, "si-snr": 7.5338263511657715}