{"mse": 0.030550623312592506, "si-sdr": 7.533196449279785, "si-sdr (after gla)": 7.296557635568211}