{"mse": 0.030550623312592506, "si-snr": 7.533196449279785, "si-snr (after gla)": 7.296557635568211}