{"epochs": 31, "patience_epochs": 10, "best_val_loss": 1.2688855355726603, "best_val_score": 6.721279150317285, "best_epoch": 21, "train_loss_hist": [1.5017924872722097, 1.2579798891068616, 1.1938887974690424, 1.1437717344000216, 1.1228230567427202, 1.1037674051939117, 1.0898222858399935, 1.0814059052836957, 1.053617229520518, 1.0593436762054027, 1.0453638360675734, 1.0337885982731472, 1.0267902405988423, 1.025384243743666, 1.0301306930092808, 1.0091332113725104, 1.0030975114076117, 0.9918923851084148, 0.9911806846677608, 0.9775806409507046, 0.9900286586794651, 0.9772424766207716, 0.9759394133738344, 0.9666749055679478, 0.96935637137777, 0.9626092018379213, 0.9588590338931055, 0.9524336704569737, 0.9497734201511402, 0.9662409313541939, 0.9490704917416549], "val_loss_hist": [2.0259032926165306, 1.541414130639845, 1.577302125897685, 1.3922231748735259, 1.6253006033873563, 1.3413536051207724, 1.625245294375042, 1.6055880608185717, 1.273044135060791, 1.4555983784197315, 1.2896854761262808, 1.3603668939907405, 1.5353215999438958, 1.5005759343144847, 1.3317189483686553, 1.2853093806465345, 1.4274753820761679, 1.1544328860634585, 1.47750545350196, 1.3929170001663458, 1.2688855355726603, 1.6246352936086583, 1.5905662011597728, 1.4804380467425653, 1.601343332494924, 1.297878620444382, 1.437905722015702, 1.5045798702114552, 1.1534242409499502, 1.6146829018980606, 1.6426241419311218], "val_score_hist": [5.1657223592559, 5.146128370808512, 5.157033450259406, 5.316720330521202, 5.670492108379611, 6.079550639880754, 5.620046945237744, 6.073065674517955, 6.112379940211627, 5.809968903285266, 6.270815207113871, 6.174225566529377, 6.238881196314729, 6.386191726568027, 6.350494006259234, 5.915710348290229, 6.069292527146972, 6.312759450657453, 6.142371989163682, 6.136983235756403, 6.721279150317285, 6.170530132397955, 6.13829914498053, 6.287069542213679, 5.857910604864773, 6.312729516479798, 5.965907374431574, 6.164364223909781, 6.436105863304773, 6.331015791133482, 5.923014536231232]}