{
    "epochs": 15,
    "patience_epochs": 5,
    "best_epoch": 10,
    "best_epoch_scores": {
        "loss": 0.033805057406425476,
        "si-ssdr": 21.90888786315918
    },
    "train_hist": {
        "loss": [
            0.05851481109857559,
            0.047933679074048996,
            0.044436581432819366,
            0.04699559137225151,
            0.04877104610204697,
            0.04714826121926308,
            0.044566765427589417,
            0.04120533913373947,
            0.04164719209074974,
            0.037906464189291,
            0.04382608085870743,
            0.045817770063877106,
            0.04568874090909958,
            0.04521937295794487,
            0.04663250967860222
        ],
        "si-ssdr": [
            17.889448165893555,
            19.913488388061523,
            20.20913314819336,
            19.84100341796875,
            18.9525146484375,
            18.928762435913086,
            19.62103271484375,
            20.411100387573242,
            19.911592483520508,
            21.16139793395996,
            19.574899673461914,
            19.03083610534668,
            18.187952041625977,
            18.329666137695312,
            18.562305450439453
        ]
    },
    "val_hist": {
        "loss": [
            0.04022730141878128,
            0.03934253379702568,
            0.04249873757362366,
            0.043529439717531204,
            0.03716277331113815,
            0.037973757833242416,
            0.03548094257712364,
            0.03539556264877319,
            0.03583962097764015,
            0.033805057406425476,
            0.04212364926934242,
            0.03511381149291992,
            0.03907802700996399,
            0.04023734852671623,
            0.03653203323483467
        ],
        "si-ssdr": [
            19.7467098236084,
            20.705066680908203,
            20.370880126953125,
            20.154766082763672,
            20.525936126708984,
            20.183338165283203,
            21.263452529907227,
            21.458114624023438,
            20.701026916503906,
            21.90888786315918,
            19.77925682067871,
            20.720359802246094,
            20.017480850219727,
            19.179157257080078,
            20.289527893066406
        ]
    }
}