{"epochs": 11, "patience_epochs": 10, "best_val_loss": 0.003647896461188793, "best_val_score": 8.112189292907715, "best_epoch": 1, "train_loss_hist": [0.014035671949386597, 0.006458088289946318, 0.005193493328988552, 0.004747612867504358, 0.004249551333487034, 0.003974671941250563, 0.0038555364590138197, 0.0036529928911477327, 0.0036090591456741095, 0.0035320075694471598, 0.0034529881086200476], "train_score_hist": [NaN, -9.415017127990723, -7.181275844573975, -5.787535190582275, -4.699575901031494, -4.250363349914551, -3.645414352416992, -2.9735076427459717, -2.3809101581573486, -2.0973048210144043, -1.6709500551223755], "val_loss_hist": [0.003647896461188793, 0.005267161410301924, 0.003232120769098401, 0.0034122164361178875, 0.0033728634007275105, 0.003232324030250311, 0.0040660579688847065, 0.003768195863813162, 0.003524572355672717, 0.003910054452717304, 0.0032041682861745358], "val_score_hist": [8.112189292907715, 7.81097412109375, 5.651142120361328, 6.795727729797363, 7.106224536895752, 7.2581071853637695, 5.655118465423584, 4.3889689445495605, 4.777916431427002, 5.088796138763428, 5.600520610809326]}