{
    "epochs": 15,
    "patience_epochs": 0,
    "best_epoch": 15,
    "best_epoch_scores": {
        "loss": 0.040784869343042374,
        "si-ssdr": 17.601646423339844
    },
    "train_hist": {
        "loss": [
            0.06550249457359314,
            0.05411381646990776,
            0.051724713295698166,
            0.04958057031035423,
            0.04796792194247246,
            0.047244053333997726,
            0.04824581369757652,
            0.04738150164484978,
            0.0465235561132431,
            0.04465576633810997,
            0.04574957862496376,
            0.045777127146720886,
            0.046208981424570084,
            0.04485703259706497,
            0.04400628060102463
        ],
        "si-ssdr": [
            14.245627403259277,
            15.371186256408691,
            15.727324485778809,
            15.944748878479004,
            16.124408721923828,
            16.356019973754883,
            16.2376708984375,
            16.383323669433594,
            16.52337646484375,
            16.964881896972656,
            16.698131561279297,
            16.680681228637695,
            16.584644317626953,
            16.903799057006836,
            17.1623592376709
        ]
    },
    "val_hist": {
        "loss": [
            0.05002886801958084,
            0.04789489507675171,
            0.04541745036840439,
            0.046155840158462524,
            0.04627760499715805,
            0.04232165589928627,
            0.042520470917224884,
            0.04219105467200279,
            0.04506862908601761,
            0.04076789319515228,
            0.04614021256566048,
            0.041107743978500366,
            0.04537583515048027,
            0.042677927762269974,
            0.040784869343042374
        ],
        "si-ssdr": [
            15.466532707214355,
            16.457338333129883,
            16.564266204833984,
            16.4327335357666,
            16.394824981689453,
            16.770980834960938,
            17.151960372924805,
            17.393198013305664,
            16.424053192138672,
            17.322114944458008,
            16.109804153442383,
            17.573129653930664,
            16.736072540283203,
            17.476957321166992,
            17.601646423339844
        ]
    }
}