{
    "mse": 0.001692844438366592,
    "si-sdr": 13.001873016357422,
    "si-sdr (after gla)": 12.093629198500839
}