{
    "mse": 0.001692844438366592,
    "si-snr": 13.001873016357422,
    "si-snr (after gla)": 12.093629198500839
}