{
    "epochs": 62,
    "patience_epochs": 20,
    "best_val_loss": 0.0018334294436499476,
    "best_val_score": 14.661992073059082,
    "best_epoch": 42,
    "train_loss_hist": [
        0.0034398003481328487,
        0.0025201973039656878,
        0.002360053826123476,
        0.002221600152552128,
        0.0021671762224286795,
        0.002120362827554345,
        0.002036468358710408,
        0.0020654380787163973,
        0.002058010781183839,
        0.002085936488583684,
        0.002065058099105954,
        0.002018649596720934,
        0.002077121054753661,
        0.0020453801844269037,
        0.00203496846370399,
        0.00201831990852952,
        0.0019877655431628227,
        0.0020000124350190163,
        0.002007057424634695,
        0.002002409193664789,
        0.001976598519831896,
        0.0019689113833010197,
        0.0019553243182599545,
        0.001978315645828843,
        0.0019439476309344172,
        0.001948849530890584,
        0.001943968702107668,
        0.001950188772752881,
        0.001966791460290551,
        0.001936363521963358,
        0.0019505087984725833,
        0.0019419441232457757,
        0.001933524152263999,
        0.0019257139647379518,
        0.001933771069161594,
        0.0019325728062540293,
        0.0019328652415424585,
        0.0019546120893210173,
        0.0019344644388183951,
        0.0019387584179639816,
        0.0019268186297267675,
        0.0019250629702582955,
        0.0019264294533059,
        0.0019275426166132092,
        0.0019191958708688617,
        0.0019157235510647297,
        0.0019325660541653633,
        0.0019095315365120769,
        0.0019419582094997168,
        0.0019061167258769274,
        0.001923670177347958,
        0.0019378985743969679,
        0.0019063985673710704,
        0.0019046071683987975,
        0.001924011972732842,
        0.0019266215385869145,
        0.001920674229040742,
        0.0019083338556811213,
        0.0018978107254952192,
        0.0019239333923906088,
        0.0019128973362967372,
        0.001936446875333786
    ],
    "train_score_hist": [
        9.84758472442627,
        11.427169799804688,
        11.760610580444336,
        12.229838371276855,
        12.523594856262207,
        12.697511672973633,
        13.00793743133545,
        12.996594429016113,
        12.964339256286621,
        13.06043815612793,
        13.124618530273438,
        13.150862693786621,
        12.993383407592773,
        13.130792617797852,
        13.156888961791992,
        13.139347076416016,
        13.19472599029541,
        13.370376586914062,
        13.352992057800293,
        13.352916717529297,
        13.5704927444458,
        13.624957084655762,
        13.645903587341309,
        13.59831714630127,
        13.742532730102539,
        13.74189567565918,
        13.765887260437012,
        13.708483695983887,
        13.766133308410645,
        13.853837013244629,
        13.78101921081543,
        13.830711364746094,
        13.876718521118164,
        13.955090522766113,
        13.918312072753906,
        13.8919095993042,
        14.087072372436523,
        13.640657424926758,
        13.862277030944824,
        13.851977348327637,
        14.113970756530762,
        14.151802062988281,
        14.138404846191406,
        14.200213432312012,
        14.167616844177246,
        14.220210075378418,
        14.162976264953613,
        14.236652374267578,
        14.105833053588867,
        14.221359252929688,
        14.19904613494873,
        14.144521713256836,
        14.336758613586426,
        14.349315643310547,
        14.242753028869629,
        14.12497329711914,
        14.250476837158203,
        14.384278297424316,
        14.418259620666504,
        14.305970191955566,
        14.360377311706543,
        14.269998550415039
    ],
    "val_loss_hist": [
        0.002127232262864709,
        0.002165019977837801,
        0.002010926604270935,
        0.0020933260675519705,
        0.002108307322487235,
        0.001924397423863411,
        0.0019513905281201005,
        0.0019219046225771308,
        0.0019194211345165968,
        0.0019217821536585689,
        0.0019101122161373496,
        0.0018908561905846,
        0.001905368291772902,
        0.0018942862516269088,
        0.0018958747386932373,
        0.0018859368283301592,
        0.0018746651476249099,
        0.0018800381803885102,
        0.0018885701429098845,
        0.001884334720671177,
        0.0018699276261031628,
        0.001858913921751082,
        0.0018538787262514234,
        0.0018665901152417064,
        0.0018596764421090484,
        0.0019217393128201365,
        0.001858461881056428,
        0.001853045541793108,
        0.0018416696693748236,
        0.0018413980724290013,
        0.0018556046998128295,
        0.001852000830695033,
        0.0018424948211759329,
        0.0018378265667706728,
        0.0018350096652284265,
        0.0018545809434726834,
        0.001837896415963769,
        0.0018511078087612987,
        0.0018725093686953187,
        0.0018352449405938387,
        0.001844280632212758,
        0.0018334294436499476,
        0.0018374930368736386,
        0.0018407098250463605,
        0.0018440887797623873,
        0.0018337321234866977,
        0.0018387897871434689,
        0.001853887108154595,
        0.0018965305062010884,
        0.0018526413477957249,
        0.00186760479118675,
        0.001865934464149177,
        0.001848203013651073,
        0.0018560008611530066,
        0.0018584453500807285,
        0.0018639647169038653,
        0.0018601417541503906,
        0.001845299149863422,
        0.001847273437306285,
        0.0018584649078547955,
        0.0018482115119695663,
        0.0018567348597571254
    ],
    "val_score_hist": [
        11.36264705657959,
        11.872369766235352,
        11.866006851196289,
        12.200895309448242,
        12.552796363830566,
        13.197700500488281,
        13.256043434143066,
        13.124268531799316,
        13.135245323181152,
        13.301173210144043,
        13.504725456237793,
        13.256217002868652,
        13.175237655639648,
        13.453251838684082,
        13.503190040588379,
        13.615618705749512,
        13.67953872680664,
        13.690546035766602,
        13.721985816955566,
        13.768193244934082,
        13.774017333984375,
        13.852547645568848,
        13.852155685424805,
        13.947665214538574,
        13.76785659790039,
        13.373050689697266,
        14.117079734802246,
        13.904631614685059,
        14.14756965637207,
        14.303287506103516,
        13.583781242370605,
        14.048815727233887,
        14.13245964050293,
        14.286972045898438,
        14.436548233032227,
        14.31114387512207,
        14.41286849975586,
        14.059571266174316,
        14.15809154510498,
        14.454652786254883,
        14.160888671875,
        14.661992073059082,
        14.609780311584473,
        14.117753982543945,
        14.555288314819336,
        14.543448448181152,
        13.853087425231934,
        14.101935386657715,
        13.950050354003906,
        14.425406455993652,
        14.165544509887695,
        13.585021018981934,
        14.416977882385254,
        14.128372192382812,
        14.3353910446167,
        14.484818458557129,
        14.326556205749512,
        14.535083770751953,
        14.519213676452637,
        14.38746452331543,
        14.424317359924316,
        14.512554168701172
    ]
}