{"mse": 0.003031691536307335, "si-ssnr": 10.288583755493164}