{"mse": 0.004910244140774012, "si-snr": 10.503387451171875, "si-snr (after gla)": 10.104437830733477}