{"epochs": 24, "patience_epochs": 2, "best_val_loss": 0.01445009745657444, "best_val_score": 11.508993148803711, "best_epoch": 22, "train_loss_hist": [0.031338028609752655, 0.020161598920822144, 0.017321867868304253, 0.016506509855389595, 0.016205405816435814, 0.015643760561943054, 0.015318084508180618, 0.015279702842235565, 0.014918221160769463, 0.014858581125736237, 0.014895030297338963, 0.014616248197853565, 0.01459029782563448, 0.014507495798170567, 0.014430656097829342, 0.014391520991921425, 0.01454769168049097, 0.014293421059846878, 0.014258300885558128, 0.014257642440497875, 0.014197016134858131, 0.014197222888469696, 0.014160998165607452, 0.014152918010950089], "train_score_hist": [-2.5136871337890625, 3.444650173187256, 5.755134105682373, 6.591114044189453, 7.140710830688477, 7.904386520385742, 8.508063316345215, 8.754168510437012, 9.189677238464355, 9.39734172821045, 9.508316040039062, 9.853923797607422, 9.945475578308105, 10.174324035644531, 10.335972785949707, 10.44392204284668, 10.296656608581543, 10.61475944519043, 10.762673377990723, 10.868158340454102, 10.968354225158691, 11.026755332946777, 11.094324111938477, 11.09646224975586], "val_loss_hist": [0.020295538008213043, 0.015696847811341286, 0.015327717177569866, 0.015275483019649982, 0.01523890532553196, 0.014878473244607449, 0.014822965487837791, 0.01456803735345602, 0.014780817553400993, 0.01471440214663744, 0.015045247040688992, 0.014727124944329262, 0.014605745673179626, 0.015197685919702053, 0.015475464053452015, 0.014557577669620514, 0.014290752820670605, 0.014454961754381657, 0.01440996490418911, 0.014251407235860825, 0.014427940361201763, 0.01445009745657444, 0.014418437145650387, 0.014207620173692703], "val_score_hist": [4.582714557647705, 8.248525619506836, 9.208935737609863, 9.518052101135254, 9.244331359863281, 10.106682777404785, 10.246320724487305, 11.196328163146973, 10.8116455078125, 11.056622505187988, 10.766155242919922, 11.268113136291504, 11.133894920349121, 11.37604808807373, 11.098749160766602, 11.371109008789062, 11.294299125671387, 11.03144359588623, 11.094911575317383, 11.158117294311523, 11.324568748474121, 11.508993148803711, 11.172593116760254, 11.421402931213379]}