{
    "mse": 0.0016824511112645268,
    "si-sdr": 12.984981536865234,
    "si-sdr (after gla)": 12.111164394953608
}