{
    "mse": 0.0016824511112645268,
    "si-snr": 12.984981536865234,
    "si-snr (after gla)": 12.111164394953608
}