{
    "epochs": 70,
    "patience_epochs": 3,
    "best_val_loss": 0.001859718351624906,
    "best_val_score": 14.255003929138184,
    "best_epoch": 67,
    "train_loss_hist": [
        0.0036900690756738186,
        0.0024112798273563385,
        0.0022184583358466625,
        0.0021698151249438524,
        0.0021058085840195417,
        0.002055512508377433,
        0.002057270612567663,
        0.0022208592854440212,
        0.0021227539982646704,
        0.002121090656146407,
        0.002254472579807043,
        0.002131681190803647,
        0.002080522710457444,
        0.0020664858166128397,
        0.0020576082170009613,
        0.002043914282694459,
        0.002043087501078844,
        0.002091321162879467,
        0.0020225760526955128,
        0.0020160439889878035,
        0.001991195837035775,
        0.0020362790673971176,
        0.0020420150831341743,
        0.0020040024537593126,
        0.0020449829753488302,
        0.00199018488638103,
        0.002038726583123207,
        0.0020410732831805944,
        0.001997812418267131,
        0.0019605769775807858,
        0.0019895764999091625,
        0.0019671230111271143,
        0.0019447342492640018,
        0.0019824039191007614,
        0.0019592586904764175,
        0.0019965588580816984,
        0.0019716182723641396,
        0.0019494072766974568,
        0.0019421717151999474,
        0.0019585234113037586,
        0.0019464620854705572,
        0.001953360391780734,
        0.0019416093127802014,
        0.0019432678818702698,
        0.0019623127300292253,
        0.001934796222485602,
        0.0019488674588501453,
        0.0019260847475379705,
        0.001928005600348115,
        0.0019384064944460988,
        0.0019206105498597026,
        0.0019310448551550508,
        0.0019351339433342218,
        0.0019633308984339237,
        0.0019196643261238933,
        0.0019651022739708424,
        0.0019561871886253357,
        0.001946053234860301,
        0.001935222651809454,
        0.0019401608733460307,
        0.0019174779299646616,
        0.001918245106935501,
        0.0019040239276364446,
        0.0019206026336178184,
        0.0019109903369098902,
        0.0019274497171863914,
        0.0019118193304166198,
        0.0019254072103649378,
        0.0019226964795961976,
        0.0019050094997510314
    ],
    "train_score_hist": [
        9.068915367126465,
        10.536332130432129,
        11.04240608215332,
        11.470661163330078,
        11.817163467407227,
        12.152580261230469,
        12.326051712036133,
        11.900015830993652,
        12.292884826660156,
        12.304941177368164,
        11.790178298950195,
        12.261236190795898,
        12.476701736450195,
        12.49449634552002,
        12.611540794372559,
        12.655346870422363,
        12.67528247833252,
        12.55530071258545,
        12.759106636047363,
        12.597075462341309,
        12.713113784790039,
        12.58034610748291,
        12.631373405456543,
        12.71025276184082,
        12.597540855407715,
        12.844879150390625,
        12.517882347106934,
        12.81376838684082,
        12.965896606445312,
        13.001811981201172,
        12.95375919342041,
        13.07176399230957,
        13.187281608581543,
        13.127167701721191,
        13.134571075439453,
        13.06005859375,
        13.247652053833008,
        13.323151588439941,
        13.370304107666016,
        13.355199813842773,
        13.513459205627441,
        13.504680633544922,
        13.421072959899902,
        13.52564525604248,
        13.48970890045166,
        13.686927795410156,
        13.519804954528809,
        13.703020095825195,
        13.782317161560059,
        13.70650863647461,
        13.80230712890625,
        13.737687110900879,
        13.698567390441895,
        13.5784273147583,
        13.86137580871582,
        13.194336891174316,
        13.21790599822998,
        13.478973388671875,
        13.658209800720215,
        13.751644134521484,
        13.883752822875977,
        13.875405311584473,
        14.006531715393066,
        13.965616226196289,
        14.018978118896484,
        13.891990661621094,
        14.003698348999023,
        14.053565979003906,
        14.02258586883545,
        14.108598709106445
    ],
    "val_loss_hist": [
        0.0023877564817667007,
        0.002134377835318446,
        0.002089409390464425,
        0.0020288750529289246,
        0.0019761838484555483,
        0.0019596563652157784,
        0.0020034145563840866,
        0.0020069596357643604,
        0.0019682322163134813,
        0.002247994299978018,
        0.0019663525745272636,
        0.001977968495339155,
        0.001952512888237834,
        0.0019489412661641836,
        0.0019278406398370862,
        0.001930730533786118,
        0.001945403520949185,
        0.001974106067791581,
        0.0019569220021367073,
        0.001917572459205985,
        0.0019211673643440008,
        0.001922483672387898,
        0.001936572603881359,
        0.0019144625402987003,
        0.0019300617277622223,
        0.0019157285569235682,
        0.001924193580634892,
        0.001905524986796081,
        0.0019222124246880412,
        0.0018965128110721707,
        0.0019435037393122911,
        0.0019013859564438462,
        0.001883937045931816,
        0.0019364517647773027,
        0.0018879848066717386,
        0.0019637462683022022,
        0.0018908482743427157,
        0.0018917705165222287,
        0.0018796558724716306,
        0.0018857261165976524,
        0.0018758460646495223,
        0.001882154494524002,
        0.0018859003903344274,
        0.0018783097621053457,
        0.0018817270174622536,
        0.0018721225205808878,
        0.0018689377466216683,
        0.0018842027056962252,
        0.0018896787660196424,
        0.0018649483099579811,
        0.001863888930529356,
        0.0018664509989321232,
        0.0019110975554212928,
        0.0018930796068161726,
        0.0018625459633767605,
        0.0019055319717153907,
        0.0018929531797766685,
        0.0018814022187143564,
        0.0018691380973905325,
        0.001881434815004468,
        0.0018681545043364167,
        0.0018606913508847356,
        0.0018709925934672356,
        0.0018616670276969671,
        0.0018665104871615767,
        0.0018654948798939586,
        0.001859718351624906,
        0.001853807712905109,
        0.001865723286755383,
        0.001861083204858005
    ],