{
    "epochs": 3,
    "patience_epochs": 0,
    "best_epoch": 3,
    "best_epoch_scores": {
        "loss": 0.04672211408615112,
        "si-sdr": 9.234879493713379
    },
    "train_hist": {
        "loss": [
            0.04806201159954071,
            0.04560784995555878,
            0.04530194401741028
        ],
        "si-sdr": [
            8.411704063415527,
            8.726001739501953,
            8.967506408691406
        ]
    },
    "val_hist": {
        "loss": [
            0.04660981148481369,
            0.04659581184387207,
            0.04672211408615112
        ],
        "si-sdr": [
            8.470744132995605,
            9.152312278747559,
            9.234879493713379
        ]
    }
}