{
    "epochs": 15,
    "patience_epochs": 8,
    "best_epoch": 7,
    "best_epoch_scores": {
        "loss": 0.04610546678304672,
        "si-ssdr": 9.654878616333008
    },
    "train_hist": {
        "loss": [
            0.04806201159954071,
            0.04560784995555878,
            0.04530194401741028,
            0.04511253908276558,
            0.04498022422194481,
            0.04482816904783249,
            0.04478602856397629,
            0.044751379638910294,
            0.044716011732816696,
            0.04465482383966446,
            0.04463106393814087,
            0.04461170360445976,
            0.04458971321582794,
            0.04455622285604477,
            0.04454422369599342
        ],
        "si-ssdr": [
            8.411704063415527,
            8.726001739501953,
            8.967506408691406,
            9.132528305053711,
            9.251590728759766,
            9.359071731567383,
            9.403834342956543,
            9.441508293151855,
            9.462396621704102,
            9.495889663696289,
            9.515244483947754,
            9.526189804077148,
            9.541789054870605,
            9.55333423614502,
            9.558527946472168
        ]
    },
    "val_hist": {
        "loss": [
            0.04660981148481369,
            0.04659581184387207,
            0.04672211408615112,
            0.04631460830569267,
            0.046162478625774384,
            0.04663364961743355,
            0.04610546678304672,
            0.0461927205324173,
            0.04640451818704605,
            0.046247851103544235,
            0.04598448798060417,
            0.04604726657271385,
            0.04599643498659134,
            0.045958757400512695,
            0.04608943685889244
        ],
        "si-ssdr": [
            8.470744132995605,
            9.152312278747559,
            9.234879493713379,
            9.472973823547363,
            9.307531356811523,
            9.527976036071777,
            9.654878616333008,
            9.55807113647461,
            9.594202995300293,
            9.576233863830566,
            9.337407112121582,
            9.594151496887207,
            9.28487777709961,
            9.43499755859375,
            9.41246223449707
        ]
    }
}