{
    "stoi": 0.9987724563654732,
    "pesq": 4.217947450338626,
    "time": 1.2553280998678775
}