{
    "stoi_hist": [
        0.7630806091252496,
        0.9746018767356869,
        0.9875498728191151,
        0.9912375991484695,
        0.9930122943485482,
        0.9940022586373725,
        0.9946452245992766,
        0.9951152464922731,
        0.9954506280842952,
        0.9957802956244522,
        0.9960787226172054,
        0.9962940008500035,
        0.9964528738751133,
        0.9966079369713279,
        0.9967831514863399,
        0.9969099257974059,
        0.9970279856289133,
        0.997149682605968,
        0.9972557874286878,
        0.9973441910743712
    ],
    "pesq_hist": [
        1.4811434636396514,
        3.3815363348231595,
        3.705134681813856,
        3.848003254778247,
        3.926460933685302,
        3.9881520607892194,
        4.018866979935588,
        4.0379598684871905,
        4.066238045411949,
        4.073848480336803,
        4.09476902905632,
        4.099695570889638,
        4.113900642395022,
        4.131604281032786,
        4.141919418222768,
        4.146454027400295,
        4.155556489159082,
        4.158341389824365,
        4.160342174417831,
        4.165404657476087
    ]
}