{
    "stoi": 0.99795738622254,
    "pesq": 4.159595751294903,
    "time": 0.25888848977930395
}