{
    "stoi": 0.9973441910743712,
    "pesq": 4.165404657476087,
    "time": 0.23802007843466358
}