{
    "stoi_hist": [
        0.7751432540369969,
        0.9754305657218484,
        0.9887388792692444,
        0.9922305380596834,
        0.9938280851233241,
        0.9947387564416024,
        0.9954754745259005,
        0.995760852215337,
        0.9959724802596897,
        0.9962294534140943,
        0.9964769073561125,
        0.9966529327280381,
        0.9968286074844063,
        0.996985257840624,
        0.9972315302082133,
        0.9974803258390988,
        0.9976943836492651,
        0.9978060593792035,
        0.9978653823628145,
        0.99795738622254
    ],
    "pesq_hist": [
        1.4728981349982466,
        3.360975555345124,
        3.6989311751197365,
        3.851659938400867,
        3.940011300292669,
        3.99695070584615,
        4.036577042411355,
        4.024304245032517,
        4.052315730674595,
        4.072904507319133,
        4.078689369500853,
        4.088658169204114,
        4.101663678300145,
        4.1115069997076885,
        4.12590970245062,
        4.133493372038298,
        4.1423713132446895,
        4.144018070370542,
        4.152109744502047,
        4.159595751294903
    ]
}