{"epochs": 12, "patience_epochs": 1, "best_val_loss": 1.2896854761262808, "best_val_score": 6.270815207113871, "best_epoch": 11, "train_loss_hist": [1.5017924872722097, 1.2579798891068616, 1.1938887974690424, 1.1437717344000216, 1.1228230567427202, 1.1037674051939117, 1.0898222858399935, 1.0814059052836957, 1.053617229520518, 1.0593436762054027, 1.0453638360675734, 1.0337885982731472], "val_loss_hist": [2.0259032926165306, 1.541414130639845, 1.577302125897685, 1.3922231748735259, 1.6253006033873563, 1.3413536051207724, 1.625245294375042, 1.6055880608185717, 1.273044135060791, 1.4555983784197315, 1.2896854761262808, 1.3603668939907405], "val_score_hist": [5.1657223592559, 5.146128370808512, 5.157033450259406, 5.316720330521202, 5.670492108379611, 6.079550639880754, 5.620046945237744, 6.073065674517955, 6.112379940211627, 5.809968903285266, 6.270815207113871, 6.174225566529377]}