{"snr_fgla": 34.82316645178016, "snr_hist_fgla": [136.31814249702586, 19.811501776332427, 18.74039743722885, 21.160610512708264, 20.125962456180083, 22.361854921182754, 25.40711610682003, 26.34096805280584, 28.09145823231093, 28.87564968989347, 29.73932473789459, 29.318552723691678, 31.164742987270024, 32.092375868045124, 32.126722062977045, 32.316586280026435, 33.30492242103906, 34.274485014136815, 34.87894449013102, 35.39342440444132, 36.2236046275001, 36.22254929695453, 36.431155162889894, 37.46505004438542, 37.74011823460998, 40.11978252773346, 41.17614700062215, 42.03211564724434, 43.89901686121517, 44.385882293322055, 44.94364776203804, 45.119621484607144, 43.90357113705515, 45.65080398078859, 46.84827507592989, 47.28354008506891, 46.86854422698238, 46.52144133679323, 46.729642747070926, 47.066078715631974, 47.54771829288639, 48.21046757830224, 49.39020484876042, 50.42716229467561, 51.44352498931976, 52.00919663422738, 52.24312366363466, 53.1337540435669, 53.166198776291594, 54.2265486293405, 54.479270458460064, 53.69005025820325, 51.81437438558518, 50.759918203029535, 52.56274209300151, 52.68712418563578, 53.06663330492894, 53.857982886190115, 54.60868537468981, 55.25979238799235, 55.81363070730766, 56.143176908108636, 56.249124894501335, 57.116745581758096, 57.6928346200133, 58.175434131387995, 58.31560811974611, 58.77654396131577, 58.44368646364075, 58.37790762824149, 59.03124543745633, 58.95662469767301, 58.64064487193317, 58.0524743643565, 57.663123532696574, 58.3917230383843, 58.55580809989079, 58.38733749180341, 58.47636280653173, 58.87532940259632, 59.12241470482858, 59.096505317751266, 59.12339109728629, 59.16106017882402, 59.56630789761671, 59.909107111262315, 59.18730481312583, 60.160350453803204, 60.08759578870161, 60.40185820976913, 60.479970439439015, 61.493264104273734, 62.2736180018287, 62.07875412448895, 62.62322208155907, 63.276672102129375, 63.65817746010252, 63.62311018345214, 63.55481327328548, 63.59327716976139, 63.20141054666247, 61.50297279089343, 59.42381515195939, 60.79368439608149, 60.266349365764455, 60.45851743266275, 60.633223759867505, 61.85815398380946, 62.18608168121766, 62.80538975037328, 64.56883468291997, 65.53791983109781, 66.17167879159163, 66.45489218737322, 66.34965050551857, 66.5542042797251, 66.86437255607935, 66.95192255472395, 66.97313062191053, 66.52055146217603, 65.92019060087858, 66.05126731513948, 66.21601400480286, 66.34903741635156, 66.39246948296456, 66.29265483748858, 65.25805148120166, 65.62681702106916]}