{"snr_glb": 0.28267324688626816, "snr_librosa": 0.0006170115175040351}