{"snr_gla": -30.914312243305776, "snr_fgla": -11.71382324152903, "snr_librosa": -3.275932948918416}