{
    "si-sdr": 8.67938232421875,
    "si-sdr (after gla)": 2.6000237464904785
}