{
    "epochs": 2,
    "patience_epochs": 1,
    "best_epoch": 1,
    "best_epoch_scores": {
        "stoi": 0.8893190026283264,
        "pesq": 2.289031505584717
    },
    "train_hist": {
        "loss": [
            5.317537307739258,
            4.918272018432617
        ],
        "stoi": [
            0.9618934988975525,
            0.973835289478302
        ],
        "pesq": [
            3.139340400695801,
            3.298074245452881
        ]
    },
    "val_hist": {
        "stoi": [
            0.8893190026283264,
            0.8824437260627747
        ],
        "pesq": [
            2.289031505584717,
            2.273564100265503
        ]
    }
}