{
    "stoi": 0.79029381275177,
    "pesq": 3.14040207862854
}