{
    "epochs": 15,
    "patience_epochs": 5,
    "best_epoch": 10,
    "best_epoch_scores": {
        "stoi": 0.8900845050811768,
        "pesq": 2.387850284576416
    },
    "train_hist": {
        "loss": [
            5.231133460998535,
            5.231013298034668,
            5.230970859527588,
            5.230929851531982,
            5.230926513671875,
            5.230889320373535,
            5.230890274047852,
            5.230860233306885,
            5.230859279632568,
            5.230856418609619,
            5.230845928192139,
            5.230855941772461,
            5.230851173400879,
            5.230853080749512,
            5.230844497680664
        ],
        "stoi": [
            0.9704276919364929,
            0.9730711579322815,
            0.9745503067970276,
            0.9752752184867859,
            0.9756863713264465,
            0.9761130213737488,
            0.9763432741165161,
            0.976520836353302,
            0.9766266345977783,
            0.9767001271247864,
            0.9767903685569763,
            0.9767944812774658,
            0.9768432378768921,
            0.9768840670585632,
            0.976952850818634
        ],
        "pesq": [
            3.2941737174987793,
            3.444173574447632,
            3.5343053340911865,
            3.5863430500030518,
            3.6187946796417236,
            3.6485798358917236,
            3.671491861343384,
            3.6868207454681396,
            3.6979053020477295,
            3.706855297088623,
            3.717980146408081,
            3.718435525894165,
            3.7220263481140137,
            3.7269606590270996,
            3.731800079345703
        ]
    },
    "val_hist": {
        "stoi": [
            0.8809706568717957,
            0.8756632804870605,
            0.8799455165863037,
            0.8821582794189453,
            0.8874412775039673,
            0.8880993127822876,
            0.8895473480224609,
            0.890739917755127,
            0.8858699798583984,
            0.8900845050811768,
            0.8837528228759766,
            0.88591468334198,
            0.8856087327003479,
            0.8837845325469971,
            0.8838968873023987
        ],
        "pesq": [
            2.2450618743896484,
            2.145697832107544,
            2.2336227893829346,
            2.2536532878875732,
            2.3031105995178223,
            2.3414289951324463,
            2.35693621635437,
            2.3731436729431152,
            2.3295061588287354,
            2.387850284576416,
            2.327049493789673,
            2.3607606887817383,
            2.3205058574676514,
            2.340527057647705,
            2.341655731201172
        ]
    }
}