{
    "epochs": 15,
    "patience_epochs": 6,
    "best_epoch": 9,
    "best_epoch_scores": {
        "stoi": 0.9544227123260498,
        "pesq": 3.1240897178649902
    },
    "train_hist": {
        "loss": [
            1.2903835773468018,
            1.0527569014412794,
            0.9604523181915283,
            0.9154951572418213,
            0.885834276676178,
            0.8673536777496338,
            0.8498278260231018,
            0.8474574685096741,
            0.8369163870811462,
            0.8277673125267029,
            0.8201748728752136,
            0.8179217576980591,
            0.8170458078384399,
            0.803059458732605,
            0.8068712949752808
        ],
        "stoi": [
            0.9936227202415466,
            0.9964450001716614,
            0.9970579147338867,
            0.9973137974739075,
            0.9974744319915771,
            0.9975776672363281,
            0.9976468086242676,
            0.9976798892021179,
            0.9977296590805054,
            0.9977767467498779,
            0.9978046417236328,
            0.9978078603744507,
            0.9978283643722534,
            0.9978814125061035,
            0.9978593587875366
        ],
        "pesq": [
            3.9540672302246094,
            4.168604373931885,
            4.239138126373291,
            4.270286560058594,
            4.291924476623535,
            4.307096004486084,
            4.31738805770874,
            4.3214874267578125,
            4.328329086303711,
            4.335217475891113,
            4.339069843292236,
            4.341335773468018,
            4.344482898712158,
            4.349519729614258,
            4.3465352058410645
        ]
    },
    "val_hist": {
        "stoi": [
            0.9477848410606384,
            0.9520255923271179,
            0.9529748558998108,
            0.9547590613365173,
            0.9555845260620117,
            0.9534872770309448,
            0.9547296762466431,
            0.9543589949607849,
            0.9544227123260498,
            0.9536335468292236,
            0.9517490267753601,
            0.9532499313354492,
            0.9543201327323914,
            0.9534912705421448,
            0.9533100724220276
        ],
        "pesq": [
            3.04062819480896,
            3.0543110370635986,
            3.091611862182617,
            3.097905397415161,
            3.0978825092315674,
            3.108731508255005,
            3.1235194206237793,
            3.1240427494049072,
            3.1240897178649902,
            3.106276512145996,
            3.0931694507598877,
            3.1019530296325684,
            3.102311611175537,
            3.094832181930542,
            3.077385425567627
        ]
    }
}