{
    "si-sdr": 6.571348667144775,
    "stoi": 0.8721255660057068,
    "pesq": 1.9822819232940674
}