{
    "si-sdr": 6.7062668800354,
    "stoi": 0.8298501372337341,
    "pesq": 1.8353976011276245
}