{
    "si-sdr": 5.2416276931762695,
    "stoi": 0.7839784622192383,
    "pesq": 2.9576308727264404
}