{
    "si-sdr": 4.030816555023193,
    "stoi": 0.7884601354598999,
    "pesq": 1.6504292488098145
}