{"mse": 0.0019103804370388389, "si-snr": 12.445022583007812}