{
    "epochs": 3,
    "patience_epochs": 0,
    "best_epoch": 3,
    "best_epoch_scores": {
        "stoi": 0.9023606777191162,
        "pesq": 2.473440647125244
    },
    "train_hist": {
        "loss": [
            5.230840682983398,
            5.230799198150635,
            5.230758190155029
        ],
        "stoi": [
            0.9734278321266174,
            0.9739167094230652,
            0.9753041863441467
        ],
        "pesq": [
            3.3678712844848633,
            3.4066667556762695,
            3.5190796852111816
        ]
    },
    "val_hist": {
        "stoi": [
            0.8747787475585938,
            0.8762732744216919,
            0.9023606777191162
        ],
        "pesq": [
            2.1481547355651855,
            2.188236713409424,
            2.473440647125244
        ]
    }
}