{
    "epochs": 7,
    "patience_epochs": 0,
    "best_epoch": 7,
    "best_epoch_scores": {
        "loss": 0.04205463081598282,
        "si-sdr": 14.001276016235352
    },
    "train_hist": {
        "loss": [
            0.06253121793270111,
            0.047698091715574265,
            0.0453699491918087,
            0.04458016902208328,
            0.04402820020914078,
            0.043123356997966766,
            0.04291816055774689
        ],
        "si-sdr": [
            9.467401504516602,
            11.537711143493652,
            12.106876373291016,
            12.38286304473877,
            12.614960670471191,
            12.909341812133789,
            13.001545906066895
        ]
    },
    "val_hist": {
        "loss": [
            0.04797728732228279,
            0.04285362735390663,
            0.044033125042915344,
            0.043461933732032776,
            0.04218078777194023,
            0.04246282950043678,
            0.04205463081598282
        ],
        "si-sdr": [
            12.606486320495605,
            13.467061042785645,
            13.618886947631836,
            13.789100646972656,
            13.935697555541992,
            13.88756275177002,
            14.001276016235352
        ]
    }
}