{"mse": 0.02454329840838909, "si-snr": 10.957456588745117}