{"epochs": 51, "patience_epochs": 6, "best_val_loss": 0.024546148255467415, "best_val_score": 10.851350784301758, "best_epoch": 45, "train_loss_hist": [0.028483901172876358, 0.02032194286584854, 0.01934877038002014, 0.017211223021149635, 0.01897706836462021, 0.017036275938153267, 0.01699759252369404, 0.016236716881394386, 0.015971777960658073, 0.016256356611847878, 0.01581624336540699, 0.016251225024461746, 0.016078760847449303, 0.015585723333060741, 0.01569610834121704, 0.015683185309171677, 0.0155118927359581, 0.015187076292932034, 0.01529363077133894, 0.015045901760458946, 0.015275507234036922, 0.015088117681443691, 0.015343540348112583, 0.015116765163838863, 0.015010349452495575, 0.014955737628042698, 0.015133216977119446, 0.015207902528345585, 0.014911806210875511, 0.014946463517844677, 0.015046094544231892, 0.014868112280964851, 0.01482781209051609, 0.014851624146103859, 0.014832377433776855, 0.014767549932003021, 0.014860136434435844, 0.014775006100535393, 0.014703486114740372, 0.014779366552829742, 0.01467983890324831, 0.01470507774502039, 0.014674989506602287, 0.014715934172272682, 0.014628724195063114, 0.014827094972133636, 0.014687445014715195, 0.014646286144852638, 0.014646084979176521, 0.014621560461819172, 0.014667793177068233], "train_score_hist": [0.9727140665054321, 1.5016788244247437, 1.4228980541229248, 3.7171576023101807, 4.383903980255127, 6.1594462394714355, 6.213868618011475, 7.010295391082764, 7.273555755615234, 7.133862495422363, 7.434135913848877, 6.829773426055908, 7.112393379211426, 7.949787616729736, 7.925119876861572, 7.886432647705078, 7.973747730255127, 8.40280532836914, 8.45275592803955, 8.685104370117188, 8.268340110778809, 8.706204414367676, 8.16230297088623, 8.528915405273438, 8.804191589355469, 8.8725004196167, 8.717926979064941, 8.334692001342773, 8.988128662109375, 8.94617748260498, 8.68320083618164, 8.979249000549316, 9.184442520141602, 9.181262016296387, 9.268153190612793, 9.345734596252441, 9.164578437805176, 9.359716415405273, 9.521929740905762, 9.339032173156738, 9.569416999816895, 9.534512519836426, 9.602115631103516, 9.480720520019531, 9.739273071289062, 9.238195419311523, 9.522393226623535, 9.676321983337402, 9.692108154296875, 9.739691734313965, 9.643098831176758], "val_loss_hist": [0.02680884301662445, 0.02376367524266243, 0.022515319287776947, 0.021583465859293938, 0.03043968230485916, 0.018570171669125557, 0.02156464383006096, 0.01724276691675186, 0.02370157651603222, 0.023150580003857613, 0.021563071757555008, 0.02518928423523903, 0.040103599429130554, 0.019797135144472122, 0.01982196420431137, 0.03414112329483032, 0.027135448530316353, 0.023894432932138443, 0.02081163227558136, 0.02307158336043358, 0.027793532237410545, 0.018664322793483734, 0.017584947869181633, 0.02278365008533001, 0.02983974851667881, 0.019582778215408325, 0.05460243672132492, 0.017264211550354958, 0.017795505002141, 0.029785584658384323, 0.027504626661539078, 0.024063212797045708, 0.033187225461006165, 0.016374023631215096, 0.01664603315293789, 0.022487415000796318, 0.02076433226466179, 0.024360112845897675, 0.019440623000264168, 0.03417292609810829, 0.023770293220877647, 0.025028299540281296, 0.02714594267308712, 0.038926124572753906, 0.024546148255467415, 0.03592824190855026, 0.02991466037929058, 0.028243975713849068, 0.03684920817613602, 0.02966250292956829, 0.04033069312572479], "val_score_hist": [4.735507011413574, 5.335514068603516, 4.822983264923096, 5.986782550811768, 8.292573928833008, 8.339942932128906, 7.91096830368042, 9.034791946411133, 9.50741958618164, 9.520536422729492, 9.596919059753418, 9.355087280273438, 9.253056526184082, 9.748958587646484, 9.340897560119629, 9.062331199645996, 9.568526268005371, 9.872035026550293, 9.871898651123047, 10.043164253234863, 10.093175888061523, 9.776846885681152, 9.74493408203125, 9.882749557495117, 4.071334362030029, 10.196333885192871, 7.992255210876465, 10.273799896240234, 10.33140754699707, 10.01737117767334, 10.285931587219238, 10.319436073303223, 10.315694808959961, 10.333868980407715, 10.280339241027832, 10.283785820007324, 10.291149139404297, 10.158909797668457, 10.4478120803833, 9.898799896240234, 9.434081077575684, 10.348488807678223, 10.116568565368652, 9.975798606872559, 10.851350784301758, 10.190706253051758, 10.462571144104004, 10.183063507080078, 9.393548965454102, 10.372343063354492, 9.80724811553955]}