{
    "stoi": 0.9970143437385559,
    "pesq": 4.228074073791504,
    "time": 13.182149550494026
}