{
    "stoi": 0.9968219995498657,
    "pesq": 4.1709723472595215,
    "time": 14.495219352198584
}