{
    "stoi_hist": [
        0.8796790838241577,
        0.96003258228302,
        0.9827229380607605,
        0.9871788024902344,
        0.9890221357345581,
        0.9902103543281555,
        0.9910442233085632,
        0.9916715621948242,
        0.9921227097511292,
        0.9925044178962708,
        0.9927905797958374,
        0.9930732846260071,
        0.9932876825332642,
        0.9934871792793274,
        0.9936612248420715,
        0.9937983155250549,
        0.993938148021698,
        0.9940488934516907,
        0.9941456913948059,
        0.9942288994789124
    ],
    "pesq_hist": [
        2.264359712600708,
        3.325803518295288,
        3.7542831897735596,
        3.864368438720703,
        3.908010959625244,
        3.9351718425750732,
        3.9540042877197266,
        3.9744443893432617,
        3.9844915866851807,
        4.001035690307617,
        4.006568431854248,
        4.019064426422119,
        4.02225923538208,
        4.02642822265625,
        4.032774925231934,
        4.042001247406006,
        4.048951625823975,
        4.056300640106201,
        4.058685779571533,
        4.057464599609375
    ]
}