{
    "stoi": 0.9942288994789124,
    "pesq": 4.058685779571533,
    "time": 2.4320471380271167
}