{
    "stoi": 0.9952735304832458,
    "pesq": 4.027534008026123,
    "time": 2.428801316840976
}