{
    "stoi_hist": [
        0.8915237188339233,
        0.9652078151702881,
        0.9839144945144653,
        0.9880514740943909,
        0.989855170249939,
        0.991107702255249,
        0.9918796420097351,
        0.9925509691238403,
        0.9930521249771118,
        0.9934982657432556,
        0.9938235878944397,
        0.994150698184967,
        0.9943571090698242,
        0.9945256114006042,
        0.9947420358657837,
        0.994860053062439,
        0.9949843287467957,
        0.9951001405715942,
        0.995196521282196,
        0.9952735304832458
    ],
    "pesq_hist": [
        2.3026058673858643,
        3.3371918201446533,
        3.755396842956543,
        3.891740083694458,
        3.9395575523376465,
        3.9404137134552,
        3.9615020751953125,
        3.97192645072937,
        3.9806087017059326,
        3.9938437938690186,
        4.01686954498291,
        4.003958225250244,
        4.003737926483154,
        4.007787704467773,
        4.022870063781738,
        4.026949405670166,
        4.027534008026123,
        4.027375221252441,
        4.014232635498047,
        4.01659631729126
    ]
}