{
    "stoi": 0.9833295345306396,
    "pesq": 3.675455331802368,
    "time": 0.2629035033431708
}