{
    "stoi_hist": [
        0.89201420545578,
        0.9636532664299011,
        0.9833295345306396
    ],
    "pesq_hist": [
        1.9132277965545654,
        2.975748300552368,
        3.675455331802368
    ]
}