{
    "mse": 0.001953257480636239,
    "si-snr": 12.315964698791504,
    "si-snr (after gla)": 11.540402206938056
}