{
    "epochs": 56,
    "patience_epochs": 20,
    "best_val_loss": 0.0022960586939007044,
    "best_val_score": 13.194228172302246,
    "best_epoch": 36,
    "train_loss_hist": [
        0.008339334279298782,
        0.005379288457334042,
        0.004433951806277037,
        0.003989070188254118,
        0.0034642580430954695,
        0.0033814602065831423,
        0.003310763044282794,
        0.002973060356453061,
        0.002622870961204171,
        0.0029838955961167812,
        0.0026949020102620125,
        0.002768008504062891,
        0.0027667663525789976,
        0.002673928625881672,
        0.0029075529891997576,
        0.0027109768707305193,
        0.002734121633693576,
        0.0026279864832758904,
        0.0028187166899442673,
        0.0025664716958999634,
        0.002688182285055518,
        0.0026927446015179157,
        0.0027019407134503126,
        0.0026952088810503483,
        0.002678526099771261,
        0.002763359108939767,
        0.002779212547466159,
        0.0027132059913128614,
        0.0028444312047213316,
        0.0027288408018648624,
        0.002756634261459112,
        0.0025115504395216703,
        0.0028441196773201227,
        0.00261631584726274,
        0.002564492402598262,
        0.002669868292286992,
        0.00276579475030303,
        0.002630162052810192,
        0.0027098041027784348,
        0.0027135005220770836,
        0.002676942152902484,
        0.002703031525015831,
        0.002671188674867153,
        0.002520003356039524,
        0.0027534591499716043,
        0.0026059881784021854,
        0.002742965705692768,
        0.0027101654559373856,
        0.002549270400777459,
        0.002541634486988187,
        0.0027289290446788073,
        0.0024699601344764233,
        0.0027192700654268265,
        0.002762534888461232,
        0.0025325780734419823,
        0.0025044060312211514
    ],
    "train_score_hist": [
        7.416003704071045,
        9.621219635009766,
        10.105571746826172,
        10.83899974822998,
        11.324739456176758,
        11.9277982711792,
        11.982824325561523,
        11.706965446472168,
        12.276945114135742,
        12.470195770263672,
        12.210512161254883,
        12.105321884155273,
        12.31277084350586,
        12.668704986572266,
        12.192273139953613,
        12.291348457336426,
        12.4558687210083,
        12.159069061279297,
        12.105263710021973,
        12.115654945373535,
        12.322196006774902,
        12.381366729736328,
        12.711283683776855,
        12.301679611206055,
        12.34223461151123,
        12.077062606811523,
        12.159457206726074,
        12.48157787322998,
        12.46980094909668,
        12.304079055786133,
        12.481721878051758,
        12.819747924804688,
        11.93553638458252,
        11.666462898254395,
        12.532081604003906,
        12.692785263061523,
        12.37549877166748,
        11.969457626342773,
        11.81254768371582,
        12.04648208618164,
        12.377999305725098,
        12.221184730529785,
        12.110569953918457,
        11.698541641235352,
        11.989604949951172,
        12.591775894165039,
        12.651609420776367,
        12.277156829833984,
        12.423809051513672,
        12.577025413513184,
        12.512672424316406,
        12.404656410217285,
        11.879331588745117,
        12.011835098266602,
        12.373331069946289,
        12.076632499694824
    ],
    "val_loss_hist": [
        0.003501358674839139,
        0.0032343838829547167,
        0.0031060995534062386,
        0.0031563376542180777,
        0.002721249358728528,
        0.0028007884975522757,
        0.0025125225074589252,
        0.002379537792876363,
        0.0023450227454304695,
        0.002332196803763509,
        0.0023089898750185966,
        0.0024093538522720337,
        0.0023689831141382456,
        0.002307715592905879,
        0.002399098826572299,
        0.0023608056362718344,
        0.002295643324032426,
        0.0023091468028724194,
        0.002271674806252122,
        0.0022725292947143316,
        0.002277340739965439,
        0.0023007262498140335,
        0.002279118401929736,
        0.002289955271407962,
        0.0022995583713054657,
        0.00229606288485229,
        0.0022683634888380766,
        0.002283620648086071,
        0.0024759280495345592,
        0.002394934417679906,
        0.002270373282954097,
        0.002258402993902564,
        0.0023265788331627846,
        0.002272680401802063,
        0.0022829463705420494,
        0.0022960586939007044,
        0.002257011365145445,
        0.002310638315975666,
        0.0023301616311073303,
        0.0022983697708696127,
        0.0022533549927175045,
        0.0022487675305455923,
        0.0022830769885331392,
        0.002379899611696601,
        0.002266627037897706,
        0.0022444745991379023,
        0.0022581627126783133,
        0.0022502632346004248,
        0.002280562650412321,
        0.002313068835064769,
        0.0022870448883622885,
        0.0022410256788134575,
        0.002270742319524288,
        0.0022455104626715183,
        0.002246213611215353,
        0.002239108318462968
    ],
    "val_score_hist": [
        10.672588348388672,
        10.21491813659668,
        10.633125305175781,
        11.388325691223145,
        11.80929183959961,
        12.234034538269043,
        12.361108779907227,
        12.219156265258789,
        12.26028823852539,
        12.528240203857422,
        12.727276802062988,
        12.734414100646973,
        12.759784698486328,
        12.961930274963379,
        12.417412757873535,
        12.012970924377441,
        12.422011375427246,
        12.609357833862305,
        12.312793731689453,
        11.347640037536621,
        12.937126159667969,
        13.13520622253418,
        12.88945198059082,
        12.60582447052002,
        12.201879501342773,
        12.663439750671387,
        12.531394958496094,
        12.909090995788574,
        11.342730522155762,
        12.58731746673584,
        12.717947959899902,
        12.713493347167969,
        11.81436824798584,
        12.703678131103516,
        13.110010147094727,
        13.194228172302246,
        12.524406433105469,
        12.572216987609863,
        12.32410717010498,
        12.953520774841309,
        12.46738338470459,
        13.116984367370605,
        12.082417488098145,
        12.16199016571045,
        12.539529800415039,
        12.738250732421875,
        12.674715042114258,
        12.226741790771484,
        12.77578353881836,
        12.80246639251709,
        12.777048110961914,
        12.373095512390137,
        12.532115936279297,
        12.719109535217285,
        12.724738121032715,
        12.317010879516602
    ]
}