{"epochs": 69, "patience_epochs": 20, "best_val_loss": 0.0022513153962790966, "best_val_score": 13.031898498535156, "best_epoch": 49, "train_loss_hist": [0.009487890638411045, 0.006206854246556759, 0.0045546796172857285, 0.0054460507817566395, 0.004399072378873825, 0.004306011367589235, 0.004135490860790014, 0.003864024067297578, 0.0036455884110182524, 0.004280369728803635, 0.00317560788244009, 0.0030788027215749025, 0.00307939643971622, 0.003123828675597906, 0.003351644380018115, 0.002834437880665064, 0.002578089013695717, 0.0026859582867473364, 0.002875101286917925, 0.002870710100978613, 0.002694726688787341, 0.002747410675510764, 0.0026443481910973787, 0.0028245102148503065, 0.002697265474125743, 0.0029954598285257816, 0.002761661075055599, 0.0029111343901604414, 0.002775926608592272, 0.002920572878792882, 0.0026648808270692825, 0.0027876996900886297, 0.0028348788619041443, 0.0025607591960579157, 0.0027223769575357437, 0.0026862637605518103, 0.002451679902151227, 0.0027566540520638227, 0.0027663572691380978, 0.002818517154082656, 0.002818525303155184, 0.002699400996789336, 0.0025975981261581182, 0.0028058814350515604, 0.00262005184777081, 0.002776113338768482, 0.0027672189753502607, 0.002688333857804537, 0.0025994833558797836, 0.0026015739422291517, 0.002697981195524335, 0.0024543791078031063, 0.002729806350544095, 0.0025289449840784073, 0.0025251631159335375, 0.00255204108543694, 0.002742861630395055, 0.0026867336127907038, 0.002925985725596547, 0.002845273818820715, 0.0026839720085263252, 0.0028876031283289194, 0.0026454594917595387, 0.0026409034617245197, 0.002961920341476798, 0.002622677246108651, 0.0024060646537691355, 0.00258137215860188, 0.0025508911348879337], "train_score_hist": [5.147000312805176, 9.330135345458984, 10.598464012145996, 10.180649757385254, 10.599437713623047, 10.973906517028809, 11.382447242736816, 11.382379531860352, 11.675043106079102, 11.0465669631958, 11.869863510131836, 11.640482902526855, 12.1161470413208, 11.997856140136719, 11.159018516540527, 11.623434066772461, 12.381598472595215, 12.544371604919434, 12.32589340209961, 12.2391996383667, 11.989046096801758, 12.50097370147705, 12.362237930297852, 12.078353881835938, 12.59158992767334, 12.277911186218262, 12.474721908569336, 12.350515365600586, 12.058547973632812, 12.335826873779297, 12.173057556152344, 12.432109832763672, 12.595396995544434, 12.65765380859375, 12.47276782989502, 12.116531372070312, 12.100221633911133, 11.753957748413086, 12.413108825683594, 12.057900428771973, 12.167516708374023, 12.323284149169922, 12.011935234069824, 11.903738975524902, 12.234768867492676, 12.209328651428223, 12.37764835357666, 12.30388355255127, 12.44670581817627, 12.651812553405762, 12.37239933013916, 12.424653053283691, 12.548473358154297, 11.95136547088623, 11.902009010314941, 11.979925155639648, 11.751550674438477, 11.904315948486328, 11.968705177307129, 12.151867866516113, 12.191696166992188, 12.192672729492188, 11.730533599853516, 11.77576732635498, 12.24072551727295, 11.720351219177246, 11.876775741577148, 12.212477684020996, 12.642858505249023], "val_loss_hist": [0.0034222265239804983, 0.0033663720823824406, 0.0037434466648846865, 0.0030988017097115517, 0.003040574723854661, 0.003084588097408414, 0.002894408768042922, 0.0026920747477561235, 0.002896825084462762, 0.002897328697144985, 0.0026767782401293516, 0.002431341679766774, 0.0025262802373617887, 0.00250103697180748, 0.0024225295055657625, 0.002341580344364047, 0.0023475317284464836, 0.0022975862957537174, 0.0023093947675079107, 0.0022896630689501762, 0.0023157510440796614, 0.002377418102696538, 0.0022724017035216093, 0.002282877452671528, 0.002298713196069002, 0.0022994931787252426, 0.0023238910362124443, 0.0023180253338068724, 0.0023002922534942627, 0.002291148528456688, 0.002475244225934148, 0.002258239546790719, 0.002346570370718837, 0.0022983504459261894, 0.0022747735492885113, 0.0022740981075912714, 0.0022537633776664734, 0.0022642097901552916, 0.002261292189359665, 0.002339510712772608, 0.0022868418600410223, 0.0023348494432866573, 0.002290647244080901, 0.0022777668200433254, 0.002263439353555441, 0.0022915599402040243, 0.0024005118757486343, 0.0022906602825969458, 0.0022513153962790966, 0.0022825461346656084, 0.0022936624009162188, 0.002234359970316291, 0.0023862975649535656, 0.002280665561556816, 0.002268248237669468, 0.0023329961113631725, 0.002289549447596073, 0.0022670903708785772, 0.0022544569801539183, 0.0022657960653305054, 0.0022309017367661, 0.0023755014408379793, 0.0023075882345438004, 0.0022373476531356573, 0.002228857483714819, 0.0022510311100631952, 0.0022513510193675756, 0.0022987783886492252, 0.0022320752032101154], "val_score_hist": [10.316311836242676, 10.383885383605957, 9.991264343261719, 11.168641090393066, 11.068038940429688, 11.017518043518066, 11.043655395507812, 11.795074462890625, 11.728690147399902, 11.54747200012207, 11.950145721435547, 11.821271896362305, 12.288643836975098, 11.75339412689209, 10.830522537231445, 12.381898880004883, 12.499519348144531, 12.811432838439941, 12.63116455078125, 12.42013168334961, 12.104290962219238, 12.471298217773438, 12.384225845336914, 12.529411315917969, 12.41650390625, 12.5857515335083, 12.6731595993042, 12.774312019348145, 11.94346809387207, 12.85843563079834, 11.522669792175293, 12.660137176513672, 12.101997375488281, 12.529571533203125, 12.30803108215332, 12.396042823791504, 12.497808456420898, 12.576872825622559, 12.184041976928711, 11.893096923828125, 12.494379043579102, 11.85547161102295, 11.239925384521484, 12.567861557006836, 12.465677261352539, 12.695591926574707, 12.516656875610352, 11.603747367858887, 13.031898498535156, 12.902316093444824, 11.903178215026855, 12.3770112991333, 12.278700828552246, 12.35932731628418, 12.089746475219727, 10.334856033325195, 12.435699462890625, 12.196866035461426, 12.76780891418457, 12.555379867553711, 12.550917625427246, 12.131528854370117, 11.370805740356445, 12.565677642822266, 12.034193992614746, 11.936293601989746, 11.494180679321289, 12.912775993347168, 12.773406028747559]}