{
    "mse": 0.0016811707755550742,
    "si-snr": 12.997069358825684,
    "si-snr (after gla)": 12.151773938412013
}