{
    "epochs": 70,
    "patience_epochs": 2,
    "best_val_loss": 0.0018649649573490024,
    "best_val_score": 14.792915344238281,
    "best_epoch": 68,
    "train_loss_hist": [
        0.004133273847401142,
        0.00234051700681448,
        0.0023082548286765814,
        0.002266902709379792,
        0.002142801182344556,
        0.0021162221673876047,
        0.002149236621335149,
        0.002102623926475644,
        0.0021466631442308426,
        0.002112938556820154,
        0.0020260270684957504,
        0.0020622622687369585,
        0.002185657387599349,
        0.002032027579843998,
        0.0020595667883753777,
        0.0020459117367863655,
        0.0020768768154084682,
        0.0021211961284279823,
        0.002034787554293871,
        0.0020084811840206385,
        0.0021344576962292194,
        0.0020206125918775797,
        0.0020959493704140186,
        0.0022192394826561213,
        0.002287036506459117,
        0.0020981058478355408,
        0.0021144954953342676,
        0.0020087272860109806,
        0.00206102360971272,
        0.002075626514852047,
        0.001963083865121007,
        0.002200365299358964,
        0.002123966347426176,
        0.002048155292868614,
        0.002213253639638424,
        0.0020469280425459146,
        0.0019499617628753185,
        0.0019269312033429742,
        0.002142925513908267,
        0.00202568550594151,
        0.00215396611019969,
        0.0020653982646763325,
        0.001978586195036769,
        0.0019452509004622698,
        0.0019507947145029902,
        0.0022367355413734913,
        0.002116268500685692,
        0.001951834885403514,
        0.0019367722561582923,
        0.001925810007378459,
        0.0019680552650243044,
        0.0019432910485193133,
        0.0019565948750823736,
        0.0019196539651602507,
        0.0021176564041525126,
        0.00206918572075665,
        0.0019376932177692652,
        0.001931845908984542,
        0.0019785889890044928,
        0.0019175044726580381,
        0.0019814337138086557,
        0.0021204568911343813,
        0.002064955187961459,
        0.0020681375171989202,
        0.0019588153809309006,
        0.0020307903178036213,
        0.0020474903285503387,
        0.001910165068693459,
        0.00201736344024539,
        0.0019446028163656592
    ],
    "train_score_hist": [
        8.618734359741211,
        11.390242576599121,
        11.78821849822998,
        11.995582580566406,
        12.306173324584961,
        12.461776733398438,
        12.519248008728027,
        12.691097259521484,
        12.751323699951172,
        12.860630989074707,
        13.088912010192871,
        13.114189147949219,
        12.862707138061523,
        13.258143424987793,
        13.39266586303711,
        13.3794527053833,
        13.311397552490234,
        12.979460716247559,
        13.291193008422852,
        13.459336280822754,
        13.223137855529785,
        13.579334259033203,
        13.489961624145508,
        13.166836738586426,
        13.144598007202148,
        13.596309661865234,
        13.267287254333496,
        13.659605026245117,
        13.50761604309082,
        13.715699195861816,
        13.852781295776367,
        13.404948234558105,
        13.711344718933105,
        13.84040641784668,
        13.599961280822754,
        13.914271354675293,
        14.137991905212402,
        14.200706481933594,
        13.741040229797363,
        14.000815391540527,
        13.59384822845459,
        13.97206974029541,
        14.086385726928711,
        14.217105865478516,
        14.283953666687012,
        13.694110870361328,
        13.930901527404785,
        14.3279390335083,
        14.386580467224121,
        14.445745468139648,
        14.222883224487305,
        14.458849906921387,
        14.346505165100098,
        14.503326416015625,
        14.07952880859375,
        14.098906517028809,
        14.523667335510254,
        14.541430473327637,
        14.503671646118164,
        14.606715202331543,
        14.459565162658691,
        13.903575897216797,
        14.220770835876465,
        14.244897842407227,
        14.603856086730957,
        14.429211616516113,
        14.304630279541016,
        14.665854454040527,
        14.39513111114502,
        14.656773567199707
    ],
    "val_loss_hist": [
        0.0023658755235373974,
        0.002086773980408907,
        0.0021157809533178806,
        0.001986545277759433,
        0.002003648318350315,
        0.0019931672140955925,
        0.00195627030916512,
        0.001923616393469274,
        0.0020542575512081385,
        0.0019112536683678627,
        0.0019345155451446772,
        0.0019054791191592813,
        0.0019268913893029094,
        0.0019089611014351249,
        0.0019326481269672513,
        0.001953581813722849,
        0.0019075952004641294,
        0.001947547891177237,
        0.001943203853443265,
        0.0018970733508467674,
        0.0019238641252741218,
        0.0019007585942745209,
        0.0018984341295436025,
        0.0019282468128949404,
        0.0019161623204126954,
        0.002184472279623151,
        0.0019380359444767237,
        0.0019287625327706337,
        0.0018844179576262832,
        0.0018908388447016478,
        0.0018870277563109994,
        0.0019304503221064806,
        0.002103295410051942,
        0.0019633318297564983,
        0.002025147434324026,
        0.0018867739709094167,
        0.001884265337139368,
        0.0018616834422573447,
        0.001889742910861969,
        0.0019683728460222483,
        0.0018887780606746674,
        0.0018890841165557504,
        0.0019042178755626082,
        0.001866833190433681,
        0.0019394636619836092,
        0.0019264996517449617,
        0.001951430574990809,
        0.0018820228287950158,
        0.0018619571346789598,
        0.0018690555589273572,
        0.001928333891555667,
        0.0019567403942346573,
        0.0018586982041597366,
        0.0018656948814168572,
        0.001933465013280511,
        0.0018797526136040688,
        0.0018570130923762918,
        0.0019037743331864476,
        0.0018564787460491061,
        0.0018523753387853503,
        0.001914069871418178,
        0.0018687753472477198,
        0.0019112046575173736,
        0.001863769139163196,
        0.0018527096835896373,
        0.0019522880902513862,
        0.0019083168590441346,
        0.0018649649573490024,
        0.0018723518587648869,
        0.0018786443397402763
    ],